doc_id,text,advocate_argument,advocate_argument_clean,llm_label,llm_confidence,llm_rationale,is_green_gold
9566758,"1. A product comprising a set of discrete units, the set of discrete units being reversibly assembled, or reversibly assemblable, into a structure, wherein: the units in the set are reversibly assembled, or are reversibly assemblable, into the structure according to a lattice geometry, wherein the units, when assembled according to the lattice geometry, together comprise a stretch-bend coupled material; a majority of the discrete units are each reversibly connected, or are reversibly connectable, to at least two other units in the set according to the lattice geometry; and wherein, in response to greater than minimal loading of the structure, a reversible deformation of at least part of the structure occurs.","CLAIM:
1. A product comprising a set of discrete units, the set of discrete units being reversibly assembled, or reversibly assemblable, into a structure, wherein: the units in the set are reversibly assembled, or are reversibly assemblable, into the structure according to a lattice geometry, wherein the units, when assembled according to the lattice geometry, together comprise a stretch-bend coupled material; a majority of the discrete units are each reversibly connected, or are reversibly connectable, to at least two other units in the set according to the lattice geometry; and wherein, in response to greater than minimal loading of the structure, a reversible deformation of at least part of the structure occurs.

Argue why this patent contributes to climate change mitigation (Y02 class).
Focus on renewable energy, efficiency, emissions reduction, or other green technologies.

This patent claim describes a product that contributes to climate change mitigation by enabling the production of a stretch-bend coupled material that is reversibly assembled from a set of discrete units according to a lattice geometry. The product is a stretch-bend coupled material that is reversibly assembled from a set of discrete units according to a lattice geometry, wherein the units in the set are reversibly assembled, or are reversibly assemblable, into the structure according to the lattice geometry, wherein the units, when assembled according to the lattice geometry, together comprise a stretch-bend coupled material, wherein a majority of the discrete units are each reversibly connected, or are reversibly connectable, to at least two other units in the set according to the lattice geometry, and wherein, in response to greater than minimal loading of the structure, a reversible deformation of at least part of the structure occurs. This product is described as being a stretch-bend coupled material, which is a type of material that is capable of undergoing reversible deformation in response to loading, and is therefore a material that is suitable for use in energy storage or energy conversion applications. The product is also described as being reversibly assembled, or reversibly assemblable, into the structure according to the lattice geometry, which suggests that the product is a modular material that is capable of being assembled into a structure in a reversible manner. The product is further described as being a stretch-bend coupled material that is reversibly assembled from a set of discrete units according to a lattice geometry, wherein the units in the set are reversibly assembled, or are reversibly assemblable, into the structure according to the lattice geometry, wherein the units, when assembled according to the lattice geometry, together comprise a stretch-bend coupled material, wherein a majority of the discrete units are each reversibly connected, or are reversibly connectable, to at least two other units in the set according to the lattice geometry, and wherein, in response to greater than minimal loading of the structure, a reversible deformation of at least part of the structure occurs. This description suggests that the product is a modular material that is capable of undergoing reversible deformation in response to loading, and is therefore a material that is suitable for use in energy storage or energy conversion applications. The product is further described as being a stretch-bend coupled material that is reversibly assembled from a set of discrete units according to a lattice geometry, wherein the","This patent claim describes a product that contributes to climate change mitigation by enabling the production of a stretch-bend coupled material that is reversibly assembled from a set of discrete units according to a lattice geometry. The product is a stretch-bend coupled material that is reversibly assembled from a set of discrete units according to a lattice geometry, wherein the units in the set are reversibly assembled, or are reversibly assemblable, into the structure according to the lattice geometry, wherein the units, when assembled according to the lattice geometry, together comprise a stretch-bend coupled material, wherein a majority of the discrete units are each reversibly connected, or are reversibly connectable, to at least two other units in the set according to the lattice geometry, and wherein, in response to greater than minimal loading of the structure, a reversible deformation of at least part of the structure occurs. This product is described as being a stretch-bend coupled material, which is a type of material that is capable of undergoing reversible deformation in response to loading, and is therefore a material that is suitable for use in energy storage or energy conversion applications. The product is also described as being reversibly assembled, or reversibly assemblable, into the structure according to the lattice geometry, which suggests that the product is a modular material that is capable of being assembled into a structure in a reversible manner. The product is further described as being a stretch-bend coupled material that is reversibly assembled from a set of discrete units according to a lattice geometry, wherein the units in the set are reversibly assembled, or are reversibly assemblable, into the structure according to the lattice geometry, wherein the units, when assembled according to the lattice geometry, together comprise a stretch-bend coupled material, wherein a majority of the discrete units are each reversibly connected, or are reversibly connectable, to at least two other units in the set according to the lattice geometry, and wherein, in response to greater than minimal loading of the structure, a reversible deformation of at least part of the structure occurs. This description suggests that the product is a modular material that is capable of undergoing reversible deformation in response to loading, and is therefore a material that is suitable for use in energy storage or energy conversion applications. The product is further described as being a stretch-bend coupled material that is reversibly assembled from a set of discrete units according to a lattice geometry, wherein the",0.0,0.8,"The claim lacks specific applications, performance data, and verification of the material's effectiveness in climate change mitigation. The generic description and lack of concrete examples or case studies make it difficult to assess the material's potential impact. These factors fail to meet the Y02 criteria for climate change mitigation technologies.",0.0
9218151,"1. An information processing device comprising: a resource information acquisition unit that acquires first resource information and second resource information, a controller unit that performs control to generate a screen on which an operation to execute the image processing is accepted in accordance with a resource corresponding to the second resource information among the resources included in the first resource information, wherein the first resource information comprises resources required to execute the predetermined image processing, and wherein the controller unit performs the control to generate the screen when all the required resources of the first resource information are included in the second resource information acquired from the image processing device.","CLAIM:
1. An information processing device comprising: a resource information acquisition unit that acquires first resource information and second resource information, a controller unit that performs control to generate a screen on which an operation to execute the image processing is accepted in accordance with a resource corresponding to the second resource information among the resources included in the first resource information, wherein the first resource information comprises resources required to execute the predetermined image processing, and wherein the controller unit performs the control to generate the screen when all the required resources of the first resource information are included in the second resource information acquired from the image processing device.

Argue why this patent contributes to climate change mitigation (Y02 class).
Focus on renewable energy, efficiency, emissions reduction, or other green technologies.

This patent claim does not describe a technology that contributes to climate change mitigation.",This patent claim does not describe a technology that contributes to climate change mitigation.,0.0,0.8,"The claim describes a generic information processing device without any specific environmental benefits or climate change mitigation impacts. It focuses on operational aspects such as resource acquisition and screen generation, which do not contribute to reducing carbon emissions or improving energy efficiency. Therefore, it fails to meet the Y02 criteria for climate change mitigation technologies.",0.0
9175412,"1. A method of manufacturing a barcode nanowire having a superior biocompatibility, the method comprising the steps of: preparing a nanotemplate having a pore and representing insulating property; disposing the nanotemplate in an electrolytic solution including a first precursor for generating an iron ion and a second precursor for generating a gold ion; and performing an electro-deposition to alternately and repeatedly form an iron layer and a gold layer in the pore, wherein the electro-deposition step galvanostaticaly controls how iron ions and gold ions deposit into the pore, the electro-deposition step including a first step of forming the iron layer by applying a first current and a second step of forming the gold layer by applying a second current, the second has a current density lower than a current density of the first current, and the first and second steps are alternately and repeatedly performed until the nanowire has a required length, wherein the density of the first current is in a range of from 10 mA/cm wherein a molarity ratio of an iron to a gold ion is within a range of 4:1 to 40:1 in the electrolytic solution.","CLAIM:
1. A method of manufacturing a barcode nanowire having a superior biocompatibility, the method comprising the steps of: preparing a nanotemplate having a pore and representing insulating property; disposing the nanotemplate in an electrolytic solution including a first precursor for generating an iron ion and a second precursor for generating a gold ion; and performing an electro-deposition to alternately and repeatedly form an iron layer and a gold layer in the pore, wherein the electro-deposition step galvanostaticaly controls how iron ions and gold ions deposit into the pore, the electro-deposition step including a first step of forming the iron layer by applying a first current and a second step of forming the gold layer by applying a second current, the second has a current density lower than a current density of the first current, and the first and second steps are alternately and repeatedly performed until the nanowire has a required length, wherein the density of the first current is in a range of from 10 mA/cm wherein a molarity ratio of an iron to a gold ion is within a range of 4:1 to 40:1 in the electrolytic solution.

Argue why this patent contributes to climate change mitigation (Y02 class).
Focus on renewable energy, efficiency, emissions reduction, or other green technologies.

This patent claim does not describe a technology that contributes to climate change mitigation under Y02.",This patent claim does not describe a technology that contributes to climate change mitigation under Y02.,0.0,0.8,"The claim describes a method for manufacturing a barcode nanowire with superior biocompatibility but does not provide any specific environmental benefits or climate change mitigation impacts. It focuses on the production process and properties of the nanowire without addressing any direct contribution to reducing carbon emissions or improving energy efficiency. Therefore, it fails to meet the Y02 criteria for climate change mitigation technologies.",0.0
9558960,"1. A substrate processing method comprising: a coating step that applies a coating liquid to a substrate having a front surface on which a pattern is formed, thereby forming a coating film on the substrate; a film removing step that heats the substrate to gasify components of the coating film thereby to reduce a thickness of the film; and a film curing step that is performed after or simultaneously with the film removing step and that heats the substrate to cure the coating film through crosslinking reaction, wherein the film removing step is performed under conditions ensuring that an average thickness of the cured coating film is not greater than 80% of an average thickness of the coating film before being subjected to the film removing step.","CLAIM:
1. A substrate processing method comprising: a coating step that applies a coating liquid to a substrate having a front surface on which a pattern is formed, thereby forming a coating film on the substrate; a film removing step that heats the substrate to gasify components of the coating film thereby to reduce a thickness of the film; and a film curing step that is performed after or simultaneously with the film removing step and that heats the substrate to cure the coating film through crosslinking reaction, wherein the film removing step is performed under conditions ensuring that an average thickness of the cured coating film is not greater than 80% of an average thickness of the coating film before being subjected to the film removing step.

Argue why this patent contributes to climate change mitigation (Y02 class).
Focus on renewable energy, efficiency, emissions reduction, or other green technologies.

This patent claim does not contribute to climate change mitigation under Y02.",This patent claim does not contribute to climate change mitigation under Y02.,0.0,0.8,"The claim describes a substrate processing method involving coating, film removing, and film curing steps but does not provide any specific environmental benefits or climate change mitigation impacts. It focuses on the production process and properties of the coating film without addressing any direct contribution to reducing carbon emissions or improving energy efficiency. Therefore, it fails to meet the Y02 criteria for climate change mitigation technologies.",0.0
9465396,"1. An integrated circuit (IC), comprising: an input interface configured to receive an input signal providing information for controlling a supply voltage based on a performance characteristic of another IC; and a controller configured to generate an output signal for controlling the supply voltage based on a combination of the input signal and a performance characteristic of the IC, the controller including a feedback voltage generator configured to generate a feedback voltage signal by combining an offset voltage with the supply voltage to control a voltage regulator to regulate the supply voltage to the IC and to the other IC.","CLAIM:
1. An integrated circuit (IC), comprising: an input interface configured to receive an input signal providing information for controlling a supply voltage based on a performance characteristic of another IC; and a controller configured to generate an output signal for controlling the supply voltage based on a combination of the input signal and a performance characteristic of the IC, the controller including a feedback voltage generator configured to generate a feedback voltage signal by combining an offset voltage with the supply voltage to control a voltage regulator to regulate the supply voltage to the IC and to the other IC.

Argue why this patent contributes to climate change mitigation (Y02 class).
Focus on renewable energy, efficiency, emissions reduction, or other green technologies.

This patent claim does not contribute to climate change mitigation under Y02.",This patent claim does not contribute to climate change mitigation under Y02.,0.0,0.8,"The claim describes an integrated circuit (IC) with specific components and functionality but does not provide any specific environmental benefits or climate change mitigation impacts. It focuses on the operational characteristics and control mechanisms of the IC without addressing any direct contribution to reducing carbon emissions or improving energy efficiency. Therefore, it fails to meet the Y02 criteria for climate change mitigation technologies.",0.0
8686745,"1. An apparatus for measuring water content and salt concentration in a multiphase fluid flow in a subsea installation for petroleum production, the apparatus comprising: a capacitive sensor located in a pipe section through which the multiphase fluid flow passes; a signal generator connected to the capacitive sensor; a first measuring transducer for measuring a voltage across the capacitive sensor; a second measuring transducer for measuring a current through the capacitive sensor; and an output circuit for generating first and second output signals indicative of the salt concentration and water content, respectively, in the multiphase fluid flow based on signals emitted by the first and second measuring transducers; wherein the output circuit is configured to determine a phase difference between the signals emitted by the first and second measuring transducers and generate the first output signal based on said phase difference.","CLAIM:
1. An apparatus for measuring water content and salt concentration in a multiphase fluid flow in a subsea installation for petroleum production, the apparatus comprising: a capacitive sensor located in a pipe section through which the multiphase fluid flow passes; a signal generator connected to the capacitive sensor; a first measuring transducer for measuring a voltage across the capacitive sensor; a second measuring transducer for measuring a current through the capacitive sensor; and an output circuit for generating first and second output signals indicative of the salt concentration and water content, respectively, in the multiphase fluid flow based on signals emitted by the first and second measuring transducers; wherein the output circuit is configured to determine a phase difference between the signals emitted by the first and second measuring transducers and generate the first output signal based on said phase difference.

Argue why this patent contributes to climate change mitigation (Y02 class).
Focus on renewable energy, efficiency, emissions reduction, or other green technologies.

This patent claim does not contribute to climate change mitigation under Y02.",This patent claim does not contribute to climate change mitigation under Y02.,0.0,0.8,"The claim describes an apparatus for measuring water content and salt concentration in a multiphase fluid flow but does not provide any specific environmental benefits or climate change mitigation impacts. It focuses on the operational characteristics and measurement capabilities of the apparatus without addressing any direct contribution to reducing carbon emissions or improving energy efficiency. Therefore, it fails to meet the Y02 criteria for climate change mitigation technologies.",0.0
8739474,"1. A portable shelter which is erectable on a support surface for defining an interior for temporarily sheltering a human, the portable shelter comprising: a front wall having when erected an upper end, a lower end, and a height extending between the upper and lower ends of the front wall, and a left end, a right end, and a width extending between the left and right ends of the front wall, the front wall including folds extending along generally parallel fold lines which extend along the height of the front wall and are spaced from each other between the left and right ends of the front wall, the folds including outboard folds and inboard folds, the outboard folds of the front wall being disposed outward of the inboard folds of the front wall in the erected shelter; a rear wall having when erected an upper end, a lower end, and a height extending between the upper and lower ends of the rear wall, and a left end, a right end, and a width extending between the left and right ends of the rear wall, the rear wall including folds extending along generally parallel fold lines which extend along the height of the rear wall and are spaced from each other between the left and right ends of the rear wall, the folds including outboard folds and inboard folds, the outboard folds of the rear wall being disposed outward of the inboard folds of the rear wall in the erected shelter; and a top wall having when erected a front end, a rear end, and a length extending between the front and rear ends of the top wall, and a left end, a right end, and a width extending between the left and right ends of the top wall, the front end of the top wall being connected to the upper end of the front wall and the rear end of the top wall being connected to the upper end of the rear wall so the length of the top wall extends between the front and rear walls, the top wall including folds extending along generally parallel fold lines which extend along the length of the top wall and are spaced from each other between the left and right ends of the top wall, the folds including outboard folds and inboard folds, the outboard folds of the top wall being disposed outward of the inboard folds of the top wall in the erected shelter; wherein the front wall includes a generally planar portion having an opening sized for a person to enter the interior of the shelter through the opening and at least one of each of the inboard and outboard folds of the front wall is positioned to the left of the opening and at least one of each of the inboard and outboard folds of the front wall is positioned to the right of the opening when the portable shelter is erected; and wherein the generally planar portion is oriented in a front plane in the erected shelter and fold panels extend between consecutive ones of said at least one of each of the inboard and outboard folds of the front wall, said fold panels being oriented in respective planes disposed at angles to the front plane.","CLAIM:
1. A portable shelter which is erectable on a support surface for defining an interior for temporarily sheltering a human, the portable shelter comprising: a front wall having when erected an upper end, a lower end, and a height extending between the upper and lower ends of the front wall, and a left end, a right end, and a width extending between the left and right ends of the front wall, the front wall including folds extending along generally parallel fold lines which extend along the height of the front wall and are spaced from each other between the left and right ends of the front wall, the folds including outboard folds and inboard folds, the outboard folds of the front wall being disposed outward of the inboard folds of the front wall in the erected shelter; a rear wall having when erected an upper end, a lower end, and a height extending between the upper and lower ends of the rear wall, and a left end, a right end, and a width extending between the left and right ends of the rear wall, the rear wall including folds extending along generally parallel fold lines which extend along the height of the rear wall and are spaced from each other between the left and right ends of the rear wall, the folds including outboard folds and inboard folds, the outboard folds of the rear wall being disposed outward of the inboard folds of the rear wall in the erected shelter; and a top wall having when erected a front end, a rear end, and a length extending between the front and rear ends of the top wall, and a left end, a right end, and a width extending between the left and right ends of the top wall, the front end of the top wall being connected to the upper end of the front wall and the rear end of the top wall being connected to the upper end of the rear wall so the length of the top wall extends between the front and rear walls, the top wall including folds extending along generally parallel fold lines which extend along the length of the top wall and are spaced from each other between the left and right ends of the top wall, the folds including outboard folds and inboard folds, the outboard folds of the top wall being disposed outward of the inboard folds of the top wall in the erected shelter; wherein the front wall includes a generally planar portion having an opening sized for a person to enter the interior of the shelter through the opening and at least one of each of the inboard and outboard folds of the front wall is positioned to the left of the opening and at least one of each of the inboard and outboard folds of the front wall is positioned to the right of the opening when the portable shelter is erected; and wherein the generally planar portion is oriented in a front plane in the erected shelter and fold panels extend between consecutive ones of said at least one of each of the inboard and outboard folds of the front wall, said fold panels being oriented in respective planes disposed at angles to the front plane.

Argue why this patent contributes to climate change mitigation (Y02 class).
Focus on renewable energy, efficiency, emissions reduction, or other green technologies.

This patent claim does not contribute to climate change mitigation, as it does not describe a technology that mitigates climate change.","This patent claim does not contribute to climate change mitigation, as it does not describe a technology that mitigates climate change.",0.0,0.8,"The claim describes a portable shelter but does not provide any specific environmental benefits or climate change mitigation impacts. It focuses on the structural design and functionality of the shelter without addressing any direct contribution to reducing carbon emissions or improving energy efficiency. Therefore, it fails to meet the Y02 criteria for climate change mitigation technologies.",0.0
9533451,"1. A method of fabricating a three-dimensional object from digital data representing the object, the method comprising: providing a first layer of particulate material; consolidating at least a first portion of the first layer of particulate material to form a consolidated first cross-section of the object; applying a first portion of conductive material to the consolidated first cross-section; applying a second layer of particulate material to the consolidated first cross-section of the first layer; and consolidating at least a second portion of the second layer of particulate material to form a consolidated second cross-section of the object.","CLAIM:
1. A method of fabricating a three-dimensional object from digital data representing the object, the method comprising: providing a first layer of particulate material; consolidating at least a first portion of the first layer of particulate material to form a consolidated first cross-section of the object; applying a first portion of conductive material to the consolidated first cross-section; applying a second layer of particulate material to the consolidated first cross-section of the first layer; and consolidating at least a second portion of the second layer of particulate material to form a consolidated second cross-section of the object.

Argue why this patent contributes to climate change mitigation (Y02 class).
Focus on renewable energy, efficiency, emissions reduction, or other green technologies.

This patent claim does not describe a technology that contributes to climate change mitigation under Y02.",This patent claim does not describe a technology that contributes to climate change mitigation under Y02.,0.0,0.8,"The claim describes a method of fabricating a three-dimensional object but does not provide any specific environmental benefits or climate change mitigation impacts. It focuses on the process of layer-by-layer fabrication and material consolidation without addressing any direct contribution to reducing carbon emissions or improving energy efficiency. Therefore, it fails to meet the Y02 criteria for climate change mitigation technologies.",0.0
8939029,"1. A MEMS sensor comprising: a substrate; a MEMS structure coupled to the substrate and having a mass movable with respect to the substrate; and a reference structure electrically coupled to the movable mass of the MEMS structure, wherein the MEMS structure is radially outward from the reference structure.","CLAIM:
1. A MEMS sensor comprising: a substrate; a MEMS structure coupled to the substrate and having a mass movable with respect to the substrate; and a reference structure electrically coupled to the movable mass of the MEMS structure, wherein the MEMS structure is radially outward from the reference structure.

Argue why this patent contributes to climate change mitigation (Y02 class).
Focus on renewable energy, efficiency, emissions reduction, or other green technologies.
This patent claim does not describe a green/sustainable technology under Y02.",This patent claim does not describe a green/sustainable technology under Y02.,0.0,0.8,"The claim describes a MEMS sensor but does not provide any specific environmental benefits or climate change mitigation impacts. It focuses on the structural design and functionality of the sensor without addressing any direct contribution to reducing carbon emissions or improving energy efficiency. Therefore, it fails to meet the Y02 criteria for climate change mitigation technologies.",0.0
8871667,"1. A zeolite structure comprising: a zeolite material containing a plurality of zeolite particles and an inorganic binding material which binds the zeolite particles to one another, wherein the plurality of zeolite particles exhibits a bimodal particle size distribution having a first peak due to fine zeolite particles and a second peak due to coarse zeolite particles, the average particle diameter of the first peak is from 0.1 to 30 μm, the average particle diameter of the second peak is from 3 to 1,000 times that of the first peak, and a ratio of a volume of coarse zeolite particles with respect to the whole volume of the plurality of zeolite particles is from 40 90 vol %, and in the zeolite material, a ratio of a volume of the inorganic binding material with respect to the whole volume of the zeolite material is from 5 to 50 vol %, wherein a zeolite raw material containing the plurality of zeolite particles and the inorganic binding material is extruded to form a zeolite formed body which is then fired to obtain the zeolite structure.","CLAIM:
1. A zeolite structure comprising: a zeolite material containing a plurality of zeolite particles and an inorganic binding material which binds the zeolite particles to one another, wherein the plurality of zeolite particles exhibits a bimodal particle size distribution having a first peak due to fine zeolite particles and a second peak due to coarse zeolite particles, the average particle diameter of the first peak is from 0.1 to 30 μm, the average particle diameter of the second peak is from 3 to 1,000 times that of the first peak, and a ratio of a volume of coarse zeolite particles with respect to the whole volume of the plurality of zeolite particles is from 40 90 vol %, and in the zeolite material, a ratio of a volume of the inorganic binding material with respect to the whole volume of the zeolite material is from 5 to 50 vol %, wherein a zeolite raw material containing the plurality of zeolite particles and the inorganic binding material is extruded to form a zeolite formed body which is then fired to obtain the zeolite structure.

Argue why this patent contributes to climate change mitigation (Y02 class).
Focus on renewable energy, efficiency, emissions reduction, or other green technologies.

This patent claim describes a zeolite structure comprising a zeolite material containing a plurality of zeolite particles and an inorganic binding material which binds the zeolite particles to one another. The zeolite material exhibits a bimodal particle size distribution having a first peak due to fine zeolite particles and a second peak due to coarse zeolite particles. The average particle diameter of the first peak is from 0.1 to 30 μm, the average particle diameter of the second peak is from 3 to 1,000 times that of the first peak, and a ratio of a volume of coarse zeolite particles with respect to the whole volume of the plurality of zeolite particles is from 40 to 90 vol %. In the zeolite material, a ratio of a volume of the inorganic binding material with respect to the whole volume of the zeolite material is from 5 to 50 vol %. The zeolite raw material containing the plurality of zeolite particles and the inorganic binding material is extruded to form a zeolite formed body which is then fired to obtain the zeolite structure. This zeolite structure is not described as contributing to climate change mitigation. However, it is described as having a bimodal particle size distribution, which is a characteristic of some zeolites used in carbon capture and storage (CCS) applications. Therefore, it is possible that this zeolite structure may be used in CCS applications, and thus contribute to climate change mitigation. However, without further information, it is not possible to determine whether this zeolite structure is actually used in CCS applications, or whether it is used in other applications where it contributes to climate change mitigation. Therefore, it is not possible to conclude that this patent claim describes a zeolite structure that contributes to climate change mitigation.","This patent claim describes a zeolite structure comprising a zeolite material containing a plurality of zeolite particles and an inorganic binding material which binds the zeolite particles to one another. The zeolite material exhibits a bimodal particle size distribution having a first peak due to fine zeolite particles and a second peak due to coarse zeolite particles. The average particle diameter of the first peak is from 0.1 to 30 μm, the average particle diameter of the second peak is from 3 to 1,000 times that of the first peak, and a ratio of a volume of coarse zeolite particles with respect to the whole volume of the plurality of zeolite particles is from 40 to 90 vol %. In the zeolite material, a ratio of a volume of the inorganic binding material with respect to the whole volume of the zeolite material is from 5 to 50 vol %. The zeolite raw material containing the plurality of zeolite particles and the inorganic binding material is extruded to form a zeolite formed body which is then fired to obtain the zeolite structure. This zeolite structure is not described as contributing to climate change mitigation. However, it is described as having a bimodal particle size distribution, which is a characteristic of some zeolites used in carbon capture and storage (CCS) applications. Therefore, it is possible that this zeolite structure may be used in CCS applications, and thus contribute to climate change mitigation. However, without further information, it is not possible to determine whether this zeolite structure is actually used in CCS applications, or whether it is used in other applications where it contributes to climate change mitigation. Therefore, it is not possible to conclude that this patent claim describes a zeolite structure that contributes to climate change mitigation.",0.0,0.8,"The claim describes a zeolite structure with specific characteristics, including a bimodal particle size distribution and an inorganic binding material. While the structure might be used in carbon capture and storage (CCS) applications, which could contribute to climate change mitigation, the claim itself does not explicitly state or confirm this use. The bimodal particle size distribution and the use of an inorganic binding material are characteristics that could be relevant to various applications, but the claim does not provide any specific information on its intended use or applications in climate change mitigation. Therefore, it is not possible to conclude that this zeolite structure is specifically designed or used for climate change mitigation. The claim fails to provide sufficient evidence to meet the Y02 criteria for climate change mitigation technologies.",0.0
9816821,"1. A portable electronic device having a housing, comprising: a global navigation satellite system receiver that produces satellite location data from received satellite signals; an accelerometer in the housing that detects movement of the portable electronic device and that produces corresponding accelerometer signals; wherein the accelerometer comprises at least one vibrating element; a sensor with a magnetic element that measures how the portable electronic device is oriented with respect to the Earth's magnetic field and that produces corresponding compass signals; and processing circuitry in the housing that computes where the portable electronic device is geographically located based on the satellite location data, the accelerometer signals, and the compass signals, wherein the processing circuitry in the portable electronic device uses at least the compass signals to compute a geographic location of the portable electronic device and wherein the processing circuitry in the portable electronic device uses the compass signals at least to compute a heading change of the portable electronic device.","CLAIM:
1. A portable electronic device having a housing, comprising: a global navigation satellite system receiver that produces satellite location data from received satellite signals; an accelerometer in the housing that detects movement of the portable electronic device and that produces corresponding accelerometer signals; wherein the accelerometer comprises at least one vibrating element; a sensor with a magnetic element that measures how the portable electronic device is oriented with respect to the Earth's magnetic field and that produces corresponding compass signals; and processing circuitry in the housing that computes where the portable electronic device is geographically located based on the satellite location data, the accelerometer signals, and the compass signals, wherein the processing circuitry in the portable electronic device uses at least the compass signals to compute a geographic location of the portable electronic device and wherein the processing circuitry in the portable electronic device uses the compass signals at least to compute a heading change of the portable electronic device.

Argue why this patent contributes to climate change mitigation (Y02 class).
Focus on renewable energy, efficiency, emissions reduction, or other green technologies.

This patent claim does not contribute to climate change mitigation.",This patent claim does not contribute to climate change mitigation.,0.0,0.8,"The claim describes a portable electronic device with specific components, including a GNSS receiver, an accelerometer, and a compass sensor. While these components can be used in applications that contribute to climate change mitigation, such as tracking emissions or optimizing routes, the claim itself does not explicitly state or confirm these uses. The device's primary functionality is to compute geographic location and heading, which does not inherently address climate change mitigation. Therefore, it is not possible to conclude that this portable electronic device is specifically designed or used for climate change mitigation. The claim fails to provide sufficient evidence to meet the Y02 criteria for climate change mitigation technologies.",0.0
8677592,"1. A method for separating electronic components, comprising the processing steps of: A) placing an assembly of electronic components on a manipulator, the assembly comprising a first substrate layer, a second component layer on the first substrate layer, and an outer conductive layer on the second component layer, B) transporting the electronic components with the manipulator relative to a first cutting tool and cutting to a first cutting depth of at least 10% or more of a thickness of the first and second layers of the assembly with the first cutting tool along first cutting lines such that the assembly is only partially cut through the thickness thereof to obtain a partially severed assembly of electronic components, C) transporting the partially severed assembly of electronic components with the manipulator relative to a second cutting tool and further cutting through the thickness of first and second layers of the partially severed assembly of electronic components to a second cutting depth along second cutting lines which overlap the first cutting lines so that the electronic components are at least substantially severed almost completely one from another, and D) separating the substantially severed electronic components along the cutting lines.","CLAIM:
1. A method for separating electronic components, comprising the processing steps of: A) placing an assembly of electronic components on a manipulator, the assembly comprising a first substrate layer, a second component layer on the first substrate layer, and an outer conductive layer on the second component layer, B) transporting the electronic components with the manipulator relative to a first cutting tool and cutting to a first cutting depth of at least 10% or more of a thickness of the first and second layers of the assembly with the first cutting tool along first cutting lines such that the assembly is only partially cut through the thickness thereof to obtain a partially severed assembly of electronic components, C) transporting the partially severed assembly of electronic components with the manipulator relative to a second cutting tool and further cutting through the thickness of first and second layers of the partially severed assembly of electronic components to a second cutting depth along second cutting lines which overlap the first cutting lines so that the electronic components are at least substantially severed almost completely one from another, and D) separating the substantially severed electronic components along the cutting lines.

Argue why this patent contributes to climate change mitigation (Y02 class).
Focus on renewable energy, efficiency, emissions reduction, or other green technologies.

This patent claim does not contribute to climate change mitigation under Y02.",This patent claim does not contribute to climate change mitigation under Y02.,0.0,0.8,"The claim describes a method for separating electronic components, involving the use of a manipulator and cutting tools. While this process could be used in applications that contribute to climate change mitigation, such as reducing waste or optimizing production, the claim itself does not explicitly state or confirm these uses. The method's primary purpose is to separate electronic components, which does not inherently address climate change mitigation. Therefore, it is not possible to conclude that this method is specifically designed or used for climate change mitigation. The claim fails to provide sufficient evidence to meet the Y02 criteria for climate change mitigation technologies.",0.0
8519178,"1. A method for the purification of a prostaglandin by supercritical fluid chromatography, said method comprising using a stationary phase and a mobile phase comprising carbon dioxide, wherein the stationary phase is a non-chiral stationary phase selected from the group consisting of 4 ethyl pyridine, 2-ethyl pyridine and pyridine urea or a chiral stationary phase and the prostaglandin is a compound of formula (I), a compound of formula (II), or a compound of formula (IV): wherein, V is C; W is X is CONR Y is Z is C R R R R Halo is fluorine, chlorine, bromine or iodine.","CLAIM:
1. A method for the purification of a prostaglandin by supercritical fluid chromatography, said method comprising using a stationary phase and a mobile phase comprising carbon dioxide, wherein the stationary phase is a non-chiral stationary phase selected from the group consisting of 4 ethyl pyridine, 2-ethyl pyridine and pyridine urea or a chiral stationary phase and the prostaglandin is a compound of formula (I), a compound of formula (II), or a compound of formula (IV): wherein, V is C; W is X is CONR Y is Z is C R R R R Halo is fluorine, chlorine, bromine or iodine.

Argue why this patent contributes to climate change mitigation (Y02 class).
Focus on renewable energy, efficiency, emissions reduction, or other green technologies.
This patent claim does not describe a green/sustainable technology under Y02.",This patent claim does not describe a green/sustainable technology under Y02.,0.0,0.8,"The claim describes a method for purifying prostaglandins using supercritical fluid chromatography (SFC). While this process could potentially be used in applications that contribute to climate change mitigation, such as reducing waste or optimizing production, the claim itself does not explicitly state or confirm these uses. The method's primary purpose is to purify prostaglandins, which does not inherently address climate change mitigation. Therefore, it is not possible to conclude that this method is specifically designed or used for climate change mitigation. The claim fails to provide sufficient evidence to meet the Y02 criteria for climate change mitigation technologies.",0.0
8816865,1. A method of calculating the quality of a steam mixture comprising the steps of: passing the steam mixture from a high pressure region to a low pressure region through a first pressure reducer; heating the steam mixture in the low pressure region; measuring both the temperature and pressure of the steam in both the high pressure region and the low pressure region; and calculating the quality of the steam mixture from the measured temperatures and pressures.,"CLAIM:
1. A method of calculating the quality of a steam mixture comprising the steps of: passing the steam mixture from a high pressure region to a low pressure region through a first pressure reducer; heating the steam mixture in the low pressure region; measuring both the temperature and pressure of the steam in both the high pressure region and the low pressure region; and calculating the quality of the steam mixture from the measured temperatures and pressures.

Argue why this patent contributes to climate change mitigation (Y02 class).
Focus on renewable energy, efficiency, emissions reduction, or other green technologies.

This patent claim does not contribute to climate change mitigation under Y02.",This patent claim does not contribute to climate change mitigation under Y02.,0.0,0.8,"The claim describes a method for calculating the quality of a steam mixture. While this process could potentially be used in applications that contribute to climate change mitigation, such as optimizing energy usage or improving efficiency, the claim itself does not explicitly state or confirm these uses. The method's primary purpose is to determine the quality of the steam mixture, which does not inherently address climate change mitigation. Therefore, it is not possible to conclude that this method is specifically designed or used for climate change mitigation. The claim fails to provide sufficient evidence to meet the Y02 criteria for climate change mitigation technologies.",0.0
9132940,"1. A reusable, multi-purpose bag, comprising: a flexible, resiliently deformable body comprising: wherein at least a portion of the anterior panel is bonded to at least a portion of the posterior panel by the second material, and wherein the second material comprises a melting point for melting onto the first material at or above the second degradation temperature and a hardening point below the second degradation temperature to bond the at least portion of the anterior panel and the at least portion of the posterior panel.","CLAIM:
1. A reusable, multi-purpose bag, comprising: a flexible, resiliently deformable body comprising: wherein at least a portion of the anterior panel is bonded to at least a portion of the posterior panel by the second material, and wherein the second material comprises a melting point for melting onto the first material at or above the second degradation temperature and a hardening point below the second degradation temperature to bond the at least portion of the anterior panel and the at least portion of the posterior panel.

Argue why this patent contributes to climate change mitigation (Y02 class).
Focus on renewable energy, efficiency, emissions reduction, or other green technologies.

This patent claim describes a reusable, multi-purpose bag comprising a flexible, resiliently deformable body comprising a first material and a second material, wherein the first material comprises a melting point for melting onto the second material at or above a second degradation temperature and a hardening point below the second degradation temperature to bond the first material to the second material. The second material comprises a melting point for melting onto the first material at or above the second degradation temperature and a hardening point below the second degradation temperature to bond the first material to the second material. The second material is bonded to the first material to form the flexible, resiliently deformable body. The first material comprises a first degradation temperature and the second material comprises a second degradation temperature, wherein the first degradation temperature is less than the second degradation temperature. The first material is degradable at the first degradation temperature and the second material is degradable at the second degradation temperature. The first material comprises a first melting point and the second material comprises a second melting point, wherein the first melting point is less than the second melting point. The first material is meltable at the first melting point and the second material is meltable at the second melting point. The first material is meltable at the first melting point and the second material is meltable at the second melting point, wherein the first melting point is at or above the first degradation temperature and the second melting point is at or above the second degradation temperature. The first material is meltable at the first melting point and the second material is meltable at the second melting point, wherein the first melting point is at or above the second degradation temperature and the second melting point is at or above the second degradation temperature. The first material is meltable at the first melting point and the second material is meltable at the second melting point, wherein the first melting point is at or above the second degradation temperature and the second melting point is at or above the second degradation temperature, and wherein the first melting point is at or above the second degradation temperature and the second melting point is at or above the second degradation temperature. The first material is meltable at the first mel","This patent claim describes a reusable, multi-purpose bag comprising a flexible, resiliently deformable body comprising a first material and a second material, wherein the first material comprises a melting point for melting onto the second material at or above a second degradation temperature and a hardening point below the second degradation temperature to bond the first material to the second material. The second material comprises a melting point for melting onto the first material at or above the second degradation temperature and a hardening point below the second degradation temperature to bond the first material to the second material. The second material is bonded to the first material to form the flexible, resiliently deformable body. The first material comprises a first degradation temperature and the second material comprises a second degradation temperature, wherein the first degradation temperature is less than the second degradation temperature. The first material is degradable at the first degradation temperature and the second material is degradable at the second degradation temperature. The first material comprises a first melting point and the second material comprises a second melting point, wherein the first melting point is less than the second melting point. The first material is meltable at the first melting point and the second material is meltable at the second melting point. The first material is meltable at the first melting point and the second material is meltable at the second melting point, wherein the first melting point is at or above the first degradation temperature and the second melting point is at or above the second degradation temperature. The first material is meltable at the first melting point and the second material is meltable at the second melting point, wherein the first melting point is at or above the second degradation temperature and the second melting point is at or above the second degradation temperature. The first material is meltable at the first melting point and the second material is meltable at the second melting point, wherein the first melting point is at or above the second degradation temperature and the second melting point is at or above the second degradation temperature, and wherein the first melting point is at or above the second degradation temperature and the second melting point is at or above the second degradation temperature. The first material is meltable at the first mel",0.0,0.8,"The claim describes a reusable, multi-purpose bag with specific material properties and bonding mechanisms. While such designs might be used in applications that contribute to climate change mitigation, such as reducing single-use plastic bags and improving material recyclability, the claim itself does not explicitly state or confirm these uses. The method's primary purpose is to create a durable and reusable bag, which does not inherently address climate change mitigation. Therefore, it fails to provide sufficient evidence to meet the Y02 criteria for climate change mitigation technologies.",1.0
9219701,"1. A method for implementing Link Aggregation Control Protocol (LACP) standard state machines in a distributed system which is divided as a Management Processor (MP), a Routing Processor (RP) and a Network Processor (NP) according to functions, comprising: after receiving a message at a physical port on a NP of a plurality of NPs, directly transmitting the message to a receive state machine without delivering to an RP - active on which a selection state machine operates; triggering the receive state machine, a periodic state machine, a multiplexer (MUX) state machine, and a sending state machine to operate in turn, wherein all of the receive state machine, the periodic state machine, the MUX state machine, and the sending state machine operate on the NP, these four state machines operate taking each physical link as a unit and they only need to operate on the NP at which the physical link is located; if there is a change in state machine data of at least one of the four state machines on the NP before and after the state machine operates, then synchronizing the changed state machine data of the state machine to the RP—active on which the selection state machine operates, and then triggering the selection state machine on the RP—active to operate and completing processing of the message according to a physical link selection state of the selection state machine on the RP—active; so as to reduce the number of the message deliveries between the NP and the RP—active since the five state machines are distributed in a way that the receive state machine, the periodic state machine, the MUX state machine and the sending state machine operate on the NP and the selection state machine operates on the RP—active.","CLAIM:
1. A method for implementing Link Aggregation Control Protocol (LACP) standard state machines in a distributed system which is divided as a Management Processor (MP), a Routing Processor (RP) and a Network Processor (NP) according to functions, comprising: after receiving a message at a physical port on a NP of a plurality of NPs, directly transmitting the message to a receive state machine without delivering to an RP - active on which a selection state machine operates; triggering the receive state machine, a periodic state machine, a multiplexer (MUX) state machine, and a sending state machine to operate in turn, wherein all of the receive state machine, the periodic state machine, the MUX state machine, and the sending state machine operate on the NP, these four state machines operate taking each physical link as a unit and they only need to operate on the NP at which the physical link is located; if there is a change in state machine data of at least one of the four state machines on the NP before and after the state machine operates, then synchronizing the changed state machine data of the state machine to the RP—active on which the selection state machine operates, and then triggering the selection state machine on the RP—active to operate and completing processing of the message according to a physical link selection state of the selection state machine on the RP—active; so as to reduce the number of the message deliveries between the NP and the RP—active since the five state machines are distributed in a way that the receive state machine, the periodic state machine, the MUX state machine and the sending state machine operate on the NP and the selection state machine operates on the RP—active.

Argue why this patent contributes to climate change mitigation (Y02 class).
Focus on renewable energy, efficiency, emissions reduction, or other green technologies.
This patent claim does not describe a green/sustainable technology under Y02.",This patent claim does not describe a green/sustainable technology under Y02.,0.0,0.8,"The claim describes a method for implementing Link Aggregation Control Protocol (LACP) standard state machines in a distributed system. While such optimizations might have indirect benefits, the claim does not explicitly mention any environmental benefits or contributions to climate change mitigation. The method's primary focus is on improving network performance and reducing message deliveries, which are not directly related to climate change mitigation. Therefore, it fails to provide sufficient evidence to meet the Y02 criteria for climate change mitigation technologies.",0.0
9851071,"1. A light source device, comprising: an excitation light source providing an excitation light; a wavelength conversion device located remotely from the excitation light source, including a wavelength conversion material for converting the excitation light into a converted light; a light introducing device for directing the excitation light onto the wavelength conversion material; and a light collecting device for collecting the converted light from the wavelength conversion material, wherein the light collecting device includes a first reflecting device for changing a traveling direction of the converted light toward an output port, wherein the light introducing device is an area surrounded by the first reflecting device which has different transmission and reflection properties than the first reflecting device, the area of the light introducing device being different from the output port, wherein an etendue of the light introducing device is less than or equal to ¼ of an etendue of the light collecting device.","CLAIM:
1. A light source device, comprising: an excitation light source providing an excitation light; a wavelength conversion device located remotely from the excitation light source, including a wavelength conversion material for converting the excitation light into a converted light; a light introducing device for directing the excitation light onto the wavelength conversion material; and a light collecting device for collecting the converted light from the wavelength conversion material, wherein the light collecting device includes a first reflecting device for changing a traveling direction of the converted light toward an output port, wherein the light introducing device is an area surrounded by the first reflecting device which has different transmission and reflection properties than the first reflecting device, the area of the light introducing device being different from the output port, wherein an etendue of the light introducing device is less than or equal to ¼ of an etendue of the light collecting device.

Argue why this patent contributes to climate change mitigation (Y02 class).
Focus on renewable energy, efficiency, emissions reduction, or other green technologies.

This patent claim does not describe a technology that contributes to climate change mitigation under Y02.",This patent claim does not describe a technology that contributes to climate change mitigation under Y02.,0.0,0.8,"The claim describes a light source device consisting of an excitation light source, a wavelength conversion device, a light introducing device, and a light collecting device. While such designs might have indirect benefits, the claim does not explicitly mention any environmental benefits or contributions to climate change mitigation. The method's primary focus is on optimizing light transmission and conversion, which are not directly related to climate change mitigation. Therefore, it fails to provide sufficient evidence to meet the Y02 criteria for climate change mitigation technologies.",0.0
8453150,"1. A computing device-implemented method, comprising: receiving, at the computing device, threads of a multithread application associated with a first group; receiving, at the computing device, a thread of a second application associated with a second group; identifying, by the computing device and based on receiving the threads of the multithread application, the multithread application; and adjusting, by the computing device, a memory scheduling scheme for the multithread application based on the identification of the multithread application.","CLAIM:
1. A computing device-implemented method, comprising: receiving, at the computing device, threads of a multithread application associated with a first group; receiving, at the computing device, a thread of a second application associated with a second group; identifying, by the computing device and based on receiving the threads of the multithread application, the multithread application; and adjusting, by the computing device, a memory scheduling scheme for the multithread application based on the identification of the multithread application.

Argue why this patent contributes to climate change mitigation (Y02 class).
Focus on renewable energy, efficiency, emissions reduction, or other green technologies.

This patent claim does not contribute to climate change mitigation.",This patent claim does not contribute to climate change mitigation.,0.0,0.8,"The claim describes a computing device-implemented method for managing threads and adjusting memory scheduling. While such optimizations might have indirect benefits, the claim does not explicitly mention any environmental benefits or contributions to climate change mitigation. The method's primary focus is on improving memory management, which is not directly related to climate change mitigation. Therefore, it fails to provide sufficient evidence to meet the Y02 criteria for climate change mitigation technologies.",0.0
8932996,"1. A method for inhibiting gas hydrate formation in downhole fluids comprising: using a downhole fluid including: an inhibiting amount of a corrosion system including: where the downhole fluid is selected from the group consisting of a drilling fluid, a completion fluid, and a production fluid, where the base fluid reduces or inhibits hydrocarbon gas hydrate formation under conditions conducive to hydrocarbon gas hydrate formation in the downhole fluid, and where the additives reduce or prevent corrosion by the base fluid.","CLAIM:
1. A method for inhibiting gas hydrate formation in downhole fluids comprising: using a downhole fluid including: an inhibiting amount of a corrosion system including: where the downhole fluid is selected from the group consisting of a drilling fluid, a completion fluid, and a production fluid, where the base fluid reduces or inhibits hydrocarbon gas hydrate formation under conditions conducive to hydrocarbon gas hydrate formation in the downhole fluid, and where the additives reduce or prevent corrosion by the base fluid.

Argue why this patent contributes to climate change mitigation (Y02 class).
Focus on renewable energy, efficiency, emissions reduction, or other green technologies.
This patent claim does not describe a green/sustainable technology under Y02.",This patent claim does not describe a green/sustainable technology under Y02.,0.0,0.8,"The claim describes a method for inhibiting gas hydrate formation in downhole fluids. While such methods might have some indirect benefits, the claim does not explicitly mention any environmental benefits or contributions to climate change mitigation. The primary focus is on preventing gas hydrate formation, which is a technical issue in oil and gas operations. Therefore, it fails to provide sufficient evidence to meet the Y02 criteria for climate change mitigation technologies.",0.0
9140590,"1. A system comprising: a plurality of sensors; a first logic unit coupled to an output of at least one sensor of the plurality of sensors, the first logic unit estimating user dynamics in response to an output signal from the at least one sensor; second logic unit coupled to the first logic unit, the second logic unit generating a sampling rate value of a first MEMS sensor in response to an output signal from the first logic unit, and wherein the first MEMS sensor comprises a selectable sampling rate and wherein the selectable sampling rate is selected in response to the generated sampling rate value.","CLAIM:
1. A system comprising: a plurality of sensors; a first logic unit coupled to an output of at least one sensor of the plurality of sensors, the first logic unit estimating user dynamics in response to an output signal from the at least one sensor; second logic unit coupled to the first logic unit, the second logic unit generating a sampling rate value of a first MEMS sensor in response to an output signal from the first logic unit, and wherein the first MEMS sensor comprises a selectable sampling rate and wherein the selectable sampling rate is selected in response to the generated sampling rate value.

Argue why this patent contributes to climate change mitigation (Y02 class).
Focus on renewable energy, efficiency, emissions reduction, or other green technologies.

This patent claim does not contribute to climate change mitigation under Y02.",This patent claim does not contribute to climate change mitigation under Y02.,0.0,0.8,"The claim describes a system for adaptive sensor sampling, which is a technical solution in sensor network design. While such systems can potentially lead to energy savings, the claim does not explicitly mention any environmental benefits or contributions to climate change mitigation. Therefore, it fails to provide sufficient evidence to meet the Y02 criteria for climate change mitigation technologies.",0.0
8400040,"1. A permanent magnet type rotary electric machine comprising a stator with a stator core and coils provided into slots of the stator core, and a rotor that is disposed so as to face the stator with a gap, the rotor having a rotor core and permanent magnets buried into the rotor core by being incorporated into permanent magnet slots formed at an outer circumferential-side portion of the rotor core so as to be a plurality of poles, wherein the permanent magnet slot for each pole is divided at least into four permanent magnet slot segments along an outer circumferential direction in the rotor core so that the permanent magnet slot segments of all poles are arranged along the outer circumferential direction in a row as a whole while having rest core-portions between respective adjacent permanent magnet slot segments, and in the rest core-portions between the respective adjacent permanent magnet slot segments in the rotor core, a width of a first rest core-portion at a middle of each pole and a width of a second rest core-portion between each pair of adjacent poles of different polarities are formed larger than that of the other rest-core portions.","CLAIM:
1. A permanent magnet type rotary electric machine comprising a stator with a stator core and coils provided into slots of the stator core, and a rotor that is disposed so as to face the stator with a gap, the rotor having a rotor core and permanent magnets buried into the rotor core by being incorporated into permanent magnet slots formed at an outer circumferential-side portion of the rotor core so as to be a plurality of poles, wherein the permanent magnet slot for each pole is divided at least into four permanent magnet slot segments along an outer circumferential direction in the rotor core so that the permanent magnet slot segments of all poles are arranged along the outer circumferential direction in a row as a whole while having rest core-portions between respective adjacent permanent magnet slot segments, and in the rest core-portions between the respective adjacent permanent magnet slot segments in the rotor core, a width of a first rest core-portion at a middle of each pole and a width of a second rest core-portion between each pair of adjacent poles of different polarities are formed larger than that of the other rest-core portions.

Argue why this patent contributes to climate change mitigation (Y02 class).
Focus on renewable energy, efficiency, emissions reduction, or other green technologies.

This patent claim describes a permanent magnet type rotary electric machine, which is a type of electric machine that converts mechanical energy into electric energy or electric energy into mechanical energy. The permanent magnet type rotary electric machine described in this claim is a machine that generates electric energy by rotating a rotor with a rotating magnetic field generated by a stator. The permanent magnet type rotary electric machine described in this claim has a structure in which a plurality of poles are formed in the rotor by burying permanent magnets into the rotor core, and the permanent magnet slots for each pole are divided into four permanent magnet slot segments along the outer circumferential direction in the rotor core, and the permanent magnet slot segments of all poles are arranged along the outer circumferential direction in a row as a whole while having rest core-portions between respective adjacent permanent magnet slot segments. In the rest core-portions between the respective adjacent permanent magnet slot segments in the rotor core, the width of a first rest core-portion at a middle of each pole and the width of a second rest core-portion between each pair of adjacent poles of different polarities are formed larger than that of the other rest-core portions. This structure is designed to reduce the weight of the rotor core and to reduce the air resistance of the rotor. This permanent magnet type rotary electric machine is a renewable energy technology, and this claim contributes to climate change mitigation by describing a renewable energy technology. [/INST] I agree that this claim describes a renewable energy technology and contributes to climate change mitigation.","This patent claim describes a permanent magnet type rotary electric machine, which is a type of electric machine that converts mechanical energy into electric energy or electric energy into mechanical energy. The permanent magnet type rotary electric machine described in this claim is a machine that generates electric energy by rotating a rotor with a rotating magnetic field generated by a stator. The permanent magnet type rotary electric machine described in this claim has a structure in which a plurality of poles are formed in the rotor by burying permanent magnets into the rotor core, and the permanent magnet slots for each pole are divided into four permanent magnet slot segments along the outer circumferential direction in the rotor core, and the permanent magnet slot segments of all poles are arranged along the outer circumferential direction in a row as a whole while having rest core-portions between respective adjacent permanent magnet slot segments. In the rest core-portions between the respective adjacent permanent magnet slot segments in the rotor core, the width of a first rest core-portion at a middle of each pole and the width of a second rest core-portion between each pair of adjacent poles of different polarities are formed larger than that of the other rest-core portions. This structure is designed to reduce the weight of the rotor core and to reduce the air resistance of the rotor. This permanent magnet type rotary electric machine is a renewable energy technology, and this claim contributes to climate change mitigation by describing a renewable energy technology. [/INST] I agree that this claim describes a renewable energy technology and contributes to climate change mitigation.",0.0,0.8,"The claim describes a permanent magnet type rotary electric machine with a specific rotor core structure. While this machine can be used in renewable energy systems, the claim itself does not explicitly address the reduction of greenhouse gas emissions or the improvement of energy efficiency, which are key aspects of climate change mitigation. The focus is on the mechanical and structural aspects of the electric machine, rather than its environmental impact. Therefore, it does not meet the Y02 criteria for green climate mitigation technology.",0.0
8944109,"1. A diaphragm pressure expansion vessel ( 1 ) for connection to a piping network, comprising two vessel parts ( 2 , 3 ) which are connected to each other in a circumferential connecting region ( 4 ) in a pressure-tight and fluid-tight manner, wherein the closed vessel interior ( 10 ) which is formed by the two vessel parts ( 2 , 3 ) is separated by a diaphragm ( 5 ) into a water chamber ( 6 ) and a gas chamber, wherein the water chamber ( 6 ) is connectable via a connecting pipe ( 7 ) to the piping network, wherein the diaphragm ( 5 ) is formed from an at least single-layered plastic and is of bubble-shaped design, wherein the gas chamber is formed by the diaphragm interior ( 9 ) and by the vessel interior ( 10 ) between that side of the diaphragm ( 5 ) which faces away from the water chamber ( 6 ) and the adjacent vessel part ( 2 ), wherein that side of the diaphragm ( 5 ) which faces away from the water chamber ( 6 ) is provided with perforations ( 8 ).","CLAIM:
1. A diaphragm pressure expansion vessel ( 1 ) for connection to a piping network, comprising two vessel parts ( 2 , 3 ) which are connected to each other in a circumferential connecting region ( 4 ) in a pressure-tight and fluid-tight manner, wherein the closed vessel interior ( 10 ) which is formed by the two vessel parts ( 2 , 3 ) is separated by a diaphragm ( 5 ) into a water chamber ( 6 ) and a gas chamber, wherein the water chamber ( 6 ) is connectable via a connecting pipe ( 7 ) to the piping network, wherein the diaphragm ( 5 ) is formed from an at least single-layered plastic and is of bubble-shaped design, wherein the gas chamber is formed by the diaphragm interior ( 9 ) and by the vessel interior ( 10 ) between that side of the diaphragm ( 5 ) which faces away from the water chamber ( 6 ) and the adjacent vessel part ( 2 ), wherein that side of the diaphragm ( 5 ) which faces away from the water chamber ( 6 ) is provided with perforations ( 8 ).

Argue why this patent contributes to climate change mitigation (Y02 class).
Focus on renewable energy, efficiency, emissions reduction, or other green technologies.
This patent claim does not contribute to climate change mitigation under Y02.",This patent claim does not contribute to climate change mitigation under Y02.,0.0,0.95,"The patent claim describes a diaphragm pressure expansion vessel primarily for managing fluid pressure and flow in a piping network. It does not address reducing greenhouse gas emissions, improving energy efficiency, or promoting sustainable practices, which are key criteria for Y02 classification.",0.0
9126682,"1. A method comprising: operating an aerial vehicle in a hover-flight orientation, wherein the aerial vehicle is connected to a tether that defines a tether sphere having a radius based on a length of the tether, wherein the tether is connected to a ground station; while the aerial vehicle is in the hover-flight orientation, positioning the aerial vehicle at a first location that is substantially on the tether sphere, wherein the first location is substantially downwind of the ground station; transitioning the aerial vehicle from the hover-flight orientation to a forward-flight orientation, such that the aerial vehicle moves from the tether sphere, wherein the aerial vehicle has attached flow, and wherein a tension of the tether is reduced; and operating the aerial vehicle in the forward-flight orientation to ascend at an angle of ascent to a second location that is substantially on the tether sphere, wherein the second location is substantially downwind of the ground station.","CLAIM:
1. A method comprising: operating an aerial vehicle in a hover-flight orientation, wherein the aerial vehicle is connected to a tether that defines a tether sphere having a radius based on a length of the tether, wherein the tether is connected to a ground station; while the aerial vehicle is in the hover-flight orientation, positioning the aerial vehicle at a first location that is substantially on the tether sphere, wherein the first location is substantially downwind of the ground station; transitioning the aerial vehicle from the hover-flight orientation to a forward-flight orientation, such that the aerial vehicle moves from the tether sphere, wherein the aerial vehicle has attached flow, and wherein a tension of the tether is reduced; and operating the aerial vehicle in the forward-flight orientation to ascend at an angle of ascent to a second location that is substantially on the tether sphere, wherein the second location is substantially downwind of the ground station.

Argue why this patent contributes to climate change mitigation (Y02 class).
Focus on renewable energy, efficiency, emissions reduction, or other green technologies.

This patent claim describes a method for operating an aerial vehicle in a tethered hover-flight mode and a tethered forward-flight mode. The aerial vehicle is tethered to a ground station, and the tether defines a tether sphere having a radius based on the length of the tether. The method comprises: operating the aerial vehicle in the hover-flight orientation, wherein the aerial vehicle is positioned at a first location that is substantially on the tether sphere; transitioning the aerial vehicle from the hover-flight orientation to the forward-flight orientation, such that the aerial vehicle moves from the tether sphere, wherein the aerial vehicle has attached flow, and wherein the tension of the tether is reduced; and operating the aerial vehicle in the forward-flight orientation to ascend at an angle of ascent to a second location that is substantially on the tether sphere. This method does not contribute to climate change mitigation.","This patent claim describes a method for operating an aerial vehicle in a tethered hover-flight mode and a tethered forward-flight mode. The aerial vehicle is tethered to a ground station, and the tether defines a tether sphere having a radius based on the length of the tether. The method comprises: operating the aerial vehicle in the hover-flight orientation, wherein the aerial vehicle is positioned at a first location that is substantially on the tether sphere; transitioning the aerial vehicle from the hover-flight orientation to the forward-flight orientation, such that the aerial vehicle moves from the tether sphere, wherein the aerial vehicle has attached flow, and wherein the tension of the tether is reduced; and operating the aerial vehicle in the forward-flight orientation to ascend at an angle of ascent to a second location that is substantially on the tether sphere. This method does not contribute to climate change mitigation.",0.0,0.95,"The method described in the claim focuses on operating an aerial vehicle in tethered hover-flight and forward-flight modes. It does not explicitly address or demonstrate any reduction in greenhouse gas emissions, energy efficiency, or other environmental benefits. Therefore, it does not contribute to climate change mitigation and does not qualify under Y02.",0.0
9806264,"1. A method of making N-type thin film transistor, the method comprising: forming a semiconductor carbon nanotube layer on an insulating substrate; applying a source electrode and a drain electrode, wherein the source electrode and the drain electrode are spaced from each other and electrically connected to the semiconductor carbon nanotube layer; depositing a MgO layer on a surface of the semiconductor carbon nanotube layer; forming a functional dielectric layer to cover the MgO layer; and applying a gate electrode on the functional dielectric layer, wherein the gate electrode is insulated from the semiconductor carbon nanotube layer.","CLAIM:
1. A method of making N-type thin film transistor, the method comprising: forming a semiconductor carbon nanotube layer on an insulating substrate; applying a source electrode and a drain electrode, wherein the source electrode and the drain electrode are spaced from each other and electrically connected to the semiconductor carbon nanotube layer; depositing a MgO layer on a surface of the semiconductor carbon nanotube layer; forming a functional dielectric layer to cover the MgO layer; and applying a gate electrode on the functional dielectric layer, wherein the gate electrode is insulated from the semiconductor carbon nanotube layer.

Argue why this patent contributes to climate change mitigation (Y02 class).
Focus on renewable energy, efficiency, emissions reduction, or other green technologies.

This patent claim does not describe a technology that contributes to climate change mitigation.",This patent claim does not describe a technology that contributes to climate change mitigation.,0.0,0.95,"The patent claim focuses on the fabrication process of an N-type thin film transistor, which does not provide evidence or claims of direct environmental benefits or contributions to climate change mitigation. The primary purpose is the development of a specific electronic component, and without additional information linking the product to environmental benefits, it does not qualify under the Y02 classification.",0.0
9512964,"1. A high pressure gas container configured to be charged with a high pressure gas thereinto, the high pressure gas container comprising: a liner configured to be charged with the high pressure gas thereinto; and a reinforcing sleeve that envelops an outer surface of the liner, wherein the liner includes: the reinforcing sleeve is made from a metal and includes: in a forming process, an incline angle of an inner surface of each of the sleeve shoulder portions relative to a center line of the high pressure gas container is formed larger than an incline angle of an outer surface of the respective liner shoulder portion relative to the center line, the reinforcing sleeve is seamless, and the inner surface of the sleeve trunk portion contacts the outer surface of the liner trunk portion without gaps.","CLAIM:
1. A high pressure gas container configured to be charged with a high pressure gas thereinto, the high pressure gas container comprising: a liner configured to be charged with the high pressure gas thereinto; and a reinforcing sleeve that envelops an outer surface of the liner, wherein the liner includes: the reinforcing sleeve is made from a metal and includes: in a forming process, an incline angle of an inner surface of each of the sleeve shoulder portions relative to a center line of the high pressure gas container is formed larger than an incline angle of an outer surface of the respective liner shoulder portion relative to the center line, the reinforcing sleeve is seamless, and the inner surface of the sleeve trunk portion contacts the outer surface of the liner trunk portion without gaps.

Argue why this patent contributes to climate change mitigation (Y02 class).
Focus on renewable energy, efficiency, emissions reduction, or other green technologies.

The patent claim does not describe a technology that contributes to climate change mitigation.",The patent claim does not describe a technology that contributes to climate change mitigation.,0.0,0.95,"The patent claim focuses on the structural design and manufacturing process of a high-pressure gas container, which does not inherently address environmental concerns or contribute to reducing greenhouse gas emissions. It does not provide any evidence or claims of direct environmental benefits or climate change mitigation.",0.0
8924645,"1. A data storage apparatus, comprising: a cache layer; a processor in communication with the cache layer, the processor to dynamically enable or disable the cache layer via a cache layer enable line based on a data store access type, where the data store access type is one of a read access type and a write access type; and a read counter to track a read count of read accesses to a non-volatile data store and a write counter to track a write count of write accesses to the non-volatile data store, the read count and the write count to facilitate determining when to dynamically enable or disable the cache layer.","CLAIM:
1. A data storage apparatus, comprising: a cache layer; a processor in communication with the cache layer, the processor to dynamically enable or disable the cache layer via a cache layer enable line based on a data store access type, where the data store access type is one of a read access type and a write access type; and a read counter to track a read count of read accesses to a non-volatile data store and a write counter to track a write count of write accesses to the non-volatile data store, the read count and the write count to facilitate determining when to dynamically enable or disable the cache layer.

Argue why this patent contributes to climate change mitigation (Y02 class).
Focus on renewable energy, efficiency, emissions reduction, or other green technologies.
This patent claim does not contribute to climate change mitigation.",This patent claim does not contribute to climate change mitigation.,0.0,0.95,"The patent claim describes a data storage apparatus designed to optimize cache layer access based on read and write operations. While this may improve performance and potentially reduce energy consumption in certain scenarios, it does not directly address climate change mitigation, such as reducing greenhouse gas emissions or improving energy efficiency. Therefore, it does not qualify under Y02 (Climate Change Mitigation Technologies) criteria.",0.0
9747111,"1. A non-transitory computer readable medium storing instructions for managing execution of a security patch on a managed node communicatively coupled over a network to a management controller, the instructions, when executed by the management controller configured to: determine an estimated time needed to execute the security patch on the managed node; determine an execution policy for the security patch to be executed on the managed node based on the estimated time, the execution policy comprising: receive system information data from the managed node, wherein the system information data comprises network connectivity information and estimated availability time of the managed node, wherein the network connectivity information indicates time or duration of network connectivity of the managed node to the network, and wherein the estimated availability time of the managed node is determined based on a remaining battery life of the managed node; based on the received system information data, determine if the received system information complies with the execution policy by: based on the estimated availability time and network connectivity information of the managed node allowing execution of the security patch based on the execution policy, schedule the security patch on the managed node for execution.","CLAIM:
1. A non-transitory computer readable medium storing instructions for managing execution of a security patch on a managed node communicatively coupled over a network to a management controller, the instructions, when executed by the management controller configured to: determine an estimated time needed to execute the security patch on the managed node; determine an execution policy for the security patch to be executed on the managed node based on the estimated time, the execution policy comprising: receive system information data from the managed node, wherein the system information data comprises network connectivity information and estimated availability time of the managed node, wherein the network connectivity information indicates time or duration of network connectivity of the managed node to the network, and wherein the estimated availability time of the managed node is determined based on a remaining battery life of the managed node; based on the received system information data, determine if the received system information complies with the execution policy by: based on the estimated availability time and network connectivity information of the managed node allowing execution of the security patch based on the execution policy, schedule the security patch on the managed node for execution.

Argue why this patent contributes to climate change mitigation (Y02 class).
Focus on renewable energy, efficiency, emissions reduction, or other green technologies.

This patent claim does not contribute to climate change mitigation.",This patent claim does not contribute to climate change mitigation.,0.0,0.9,"The described method focuses on operational efficiency and security management, which do not directly contribute to reducing greenhouse gas emissions or other environmental impacts. It does not address the specific criteria for climate change mitigation as required by the Y02 classification.",0.0
9812663,"1. A light-emitting device comprising: a first electrode comprising indium, tin and oxygen; a light-emitting layer over the first electrode, the light-emitting layer comprising a phosphorescent material; a second electrode over the light-emitting layer; a protective layer over and in contact with the second electrode, the protective layer comprising: wherein the protective layer is not in contact with the first electrode.","CLAIM:
1. A light-emitting device comprising: a first electrode comprising indium, tin and oxygen; a light-emitting layer over the first electrode, the light-emitting layer comprising a phosphorescent material; a second electrode over the light-emitting layer; a protective layer over and in contact with the second electrode, the protective layer comprising: wherein the protective layer is not in contact with the first electrode.

Argue why this patent contributes to climate change mitigation (Y02 class).
Focus on renewable energy, efficiency, emissions reduction, or other green technologies.

This patent claim describes a light-emitting device comprising a first electrode, a light-emitting layer, a second electrode, and a protective layer. The first electrode comprises indium, tin, and oxygen. The light-emitting layer is over the first electrode and comprises a phosphorescent material. The second electrode is over the light-emitting layer, and the protective layer is over and in contact with the second electrode. The protective layer comprises silicon dioxide, silicon nitride, and silicon oxide. The protective layer is not in contact with the first electrode. This claim does not describe a technology that contributes to climate change mitigation.","This patent claim describes a light-emitting device comprising a first electrode, a light-emitting layer, a second electrode, and a protective layer. The first electrode comprises indium, tin, and oxygen. The light-emitting layer is over the first electrode and comprises a phosphorescent material. The second electrode is over the light-emitting layer, and the protective layer is over and in contact with the second electrode. The protective layer comprises silicon dioxide, silicon nitride, and silicon oxide. The protective layer is not in contact with the first electrode. This claim does not describe a technology that contributes to climate change mitigation.",0.0,0.8,"The patent claim describes a light-emitting device with specific materials, but it does not explicitly state any environmental benefits or contributions to climate change mitigation. While the use of certain materials might lead to more energy-efficient devices, the claim lacks sufficient evidence to classify this technology under Y02 (Climate Change Mitigation Technologies).",0.0
8610489,"1. A switch circuit comprising: a depletion-mode field-effect transistor (DMFET) having an ON-state and an OFF-state, wherein the DMFET is configured to couple a first node to a second node in the ON-state, and wherein the DMFET is configured to isolate the first node from the second node in the OFF-state; a negative charge pump that is coupled to a gate terminal of the DMFET, the charge pump configured to supply a negative charge pump voltage to the gate terminal of the DMFET; and a negative discriminator coupled to the charge pump, the discriminator configured to compare a first voltage at the first node and a second voltage at the second node and to determine the negative charge pump voltage based on the comparison.","CLAIM:
1. A switch circuit comprising: a depletion-mode field-effect transistor (DMFET) having an ON-state and an OFF-state, wherein the DMFET is configured to couple a first node to a second node in the ON-state, and wherein the DMFET is configured to isolate the first node from the second node in the OFF-state; a negative charge pump that is coupled to a gate terminal of the DMFET, the charge pump configured to supply a negative charge pump voltage to the gate terminal of the DMFET; and a negative discriminator coupled to the charge pump, the discriminator configured to compare a first voltage at the first node and a second voltage at the second node and to determine the negative charge pump voltage based on the comparison.

Argue why this patent contributes to climate change mitigation (Y02 class).
Focus on renewable energy, efficiency, emissions reduction, or other green technologies.

This patent claim does not describe a technology that contributes to climate change mitigation under Y02.",This patent claim does not describe a technology that contributes to climate change mitigation under Y02.,0.0,0.95,"The patent claim describes a switch circuit comprising a depletion-mode field-effect transistor (DMFET), a negative charge pump, and a negative discriminator. While this circuit could potentially be used in energy-efficient systems, the claim itself does not explicitly address any environmental benefits or contributions to climate change mitigation. The focus is on the operational functionality of a fundamental electronic component rather than addressing broader environmental issues.",0.0
9012655,"1. A compound having a sulfur-containing ring, or prodrugs or pharmaceutically acceptable salts thereof, of one of Formulas I: in which E is —CH R additionally, R additionally, R R R and R","CLAIM:
1. A compound having a sulfur-containing ring, or prodrugs or pharmaceutically acceptable salts thereof, of one of Formulas I: in which E is —CH R additionally, R additionally, R R R and R

Argue why this patent contributes to climate change mitigation (Y02 class).
Focus on renewable energy, efficiency, emissions reduction, or other green technologies.

This patent claim does not describe a technology that contributes to climate change mitigation under Y02.",This patent claim does not describe a technology that contributes to climate change mitigation under Y02.,0.0,0.95,"The patent claim describes a compound with a sulfur-containing ring, its prodrugs, and pharmaceutically acceptable salts. There is no evidence or claim of the compound’s application in reducing greenhouse gas emissions, improving energy efficiency, or any other form of climate change mitigation technology. Therefore, it does not meet the Y02 criteria for technologies that contribute to climate change mitigation.",0.0
9331189,"1. An electronic device, comprising: a first conducting layer; a second conducting layer; and an insulating layer provided between the first conducting layer and the second conducting layer; wherein the electronic device includes at least one side wall that extends from the first conducting layer to the second conducting layer and that includes at least a portion of each of the first conducting layer, the second conducting layer and the insulating layer, wherein the electronic device is structured such that responsive to a bias voltage being applied between the first conducting layer and the second conducting layer, a two dimensional electron system is induced in at least one of the first conducting layer and the second conducting layer, and such that electrons from the two dimensional electron system are emitted from the at least one side wall side wall as a result of Coulombic repulsion and travel in air from the one of the first conducting layer and the second conducting layer to the other of the first conducting layer and the second conducting layer, wherein the first and second conducting layers are made of conductive materials that can provide mobile charge carriers (electrons or holes) and may include metal, semiconductor, oxide semiconductor, graphene and graphite material, and the insulating layer is made of an insulating material and may include air/vacuum and dielectric material such as oxide, nitride, wide bandgap semiconductor material, and wherein the conductive material is n-type silicon semiconductor, wherein responsive to the bias voltage the two dimensional electron system is induced in the second conducting layer, and wherein the electrons emitted from the at least one side wall travel in air from the second conducting layer to the first conducting layer.","CLAIM:
1. An electronic device, comprising: a first conducting layer; a second conducting layer; and an insulating layer provided between the first conducting layer and the second conducting layer; wherein the electronic device includes at least one side wall that extends from the first conducting layer to the second conducting layer and that includes at least a portion of each of the first conducting layer, the second conducting layer and the insulating layer, wherein the electronic device is structured such that responsive to a bias voltage being applied between the first conducting layer and the second conducting layer, a two dimensional electron system is induced in at least one of the first conducting layer and the second conducting layer, and such that electrons from the two dimensional electron system are emitted from the at least one side wall side wall as a result of Coulombic repulsion and travel in air from the one of the first conducting layer and the second conducting layer to the other of the first conducting layer and the second conducting layer, wherein the first and second conducting layers are made of conductive materials that can provide mobile charge carriers (electrons or holes) and may include metal, semiconductor, oxide semiconductor, graphene and graphite material, and the insulating layer is made of an insulating material and may include air/vacuum and dielectric material such as oxide, nitride, wide bandgap semiconductor material, and wherein the conductive material is n-type silicon semiconductor, wherein responsive to the bias voltage the two dimensional electron system is induced in the second conducting layer, and wherein the electrons emitted from the at least one side wall travel in air from the second conducting layer to the first conducting layer.

Argue why this patent contributes to climate change mitigation (Y02 class).
Focus on renewable energy, efficiency, emissions reduction, or other green technologies.

This patent claim does not contribute to climate change mitigation under Y02.",This patent claim does not contribute to climate change mitigation under Y02.,0.0,0.95,"The patent claim describes an electronic device with specific layers and functionalities, but does not contribute to climate change mitigation. The technology focuses on the design and operation of an electronic component, which does not address environmental or climate-related issues such as reducing greenhouse gas emissions or improving energy efficiency.",0.0
9460429,"1. A method of collecting tolls through an app in a mobile device comprising: receiving position information of a plurality of toll gantries from a database, wherein said toll gantries comprise a main gantry, an on ramp gantry and an off ramp gantry; reading GPS location data from a mobile device; creating a plurality of trip segments based on said GPS location data wherein direction of the mobile device is calculated; determining whether the mobile device is travelling on a toll road; calculating the time when the vehicle is passing through a gantry using the position information of said toll gantries and trip segments; calculating toll charges based on said plurality of trip segments and a time when said mobile device travels through said toll gantries; communicating with a toll road reinforcement system; generating a toll charge transaction; notifying user of the mobile device on the toll charges; processing payment of the toll charges.","CLAIM:
1. A method of collecting tolls through an app in a mobile device comprising: receiving position information of a plurality of toll gantries from a database, wherein said toll gantries comprise a main gantry, an on ramp gantry and an off ramp gantry; reading GPS location data from a mobile device; creating a plurality of trip segments based on said GPS location data wherein direction of the mobile device is calculated; determining whether the mobile device is travelling on a toll road; calculating the time when the vehicle is passing through a gantry using the position information of said toll gantries and trip segments; calculating toll charges based on said plurality of trip segments and a time when said mobile device travels through said toll gantries; communicating with a toll road reinforcement system; generating a toll charge transaction; notifying user of the mobile device on the toll charges; processing payment of the toll charges.

Argue why this patent contributes to climate change mitigation (Y02 class).
Focus on renewable energy, efficiency, emissions reduction, or other green technologies.

This patent claim does not contribute to climate change mitigation. It describes a method of collecting tolls through an app in a mobile device.",This patent claim does not contribute to climate change mitigation. It describes a method of collecting tolls through an app in a mobile device.,0.0,0.95,"The method described does not reduce emissions, conserve energy, or promote sustainable practices. It merely optimizes the financial and operational efficiency of toll collection systems, which does not meet the criteria for Y02 classification.",0.0
8652582,"1. A method of making a ligand functionalized substrate, the method comprises the steps of: 1) providing a base substrate; 2) coating the substrate with a solution comprising (a) at least one grafting monomer having an acryloyl group and a photoinitiator group; (b) one or more ligand monomers of the formula: wherein R 1 is H or C 1 -C 4 alkyl, R 2 is a divalent alkylene optionally containing an ester, amide, urethane or urea linking group; each R 3 is independently H or C 1 -C 4 alkyl, R 4 is H, C 1 -C 4 alkyl or —N(R 3 ) 2 ; and X 1 is —O— or —NR 3 —, (c) optionally one or more monomers having at least one acryloyl group and at least one additional ethylenically unsaturated, free-radically polymerizable group; and (d) optionally one or more hydrophilic monomers; 3) exposing the coated base substrate to ionizing radiation to form a first functionalized substrate comprising grafted photoinitiator groups attached to the surface of the base substrate and unreacted (b), (c) and (d) monomers having ethylenically unsaturated, free-radically polymerizable groups, and 4) exposing the base substrate comprising grafted photoinitiator groups to UV radiation to polymerize the remaining ethylenically unsaturated, free-radically polymerizable groups of the (b), (c) and (d) monomers.","CLAIM:
1. A method of making a ligand functionalized substrate, the method comprises the steps of: 1) providing a base substrate; 2) coating the substrate with a solution comprising (a) at least one grafting monomer having an acryloyl group and a photoinitiator group; (b) one or more ligand monomers of the formula: wherein R 1 is H or C 1 -C 4 alkyl, R 2 is a divalent alkylene optionally containing an ester, amide, urethane or urea linking group; each R 3 is independently H or C 1 -C 4 alkyl, R 4 is H, C 1 -C 4 alkyl or —N(R 3 ) 2 ; and X 1 is —O— or —NR 3 —, (c) optionally one or more monomers having at least one acryloyl group and at least one additional ethylenically unsaturated, free-radically polymerizable group; and (d) optionally one or more hydrophilic monomers; 3) exposing the coated base substrate to ionizing radiation to form a first functionalized substrate comprising grafted photoinitiator groups attached to the surface of the base substrate and unreacted (b), (c) and (d) monomers having ethylenically unsaturated, free-radically polymerizable groups, and 4) exposing the base substrate comprising grafted photoinitiator groups to UV radiation to polymerize the remaining ethylenically unsaturated, free-radically polymerizable groups of the (b), (c) and (d) monomers.

Argue why this patent contributes to climate change mitigation (Y02 class).
Focus on renewable energy, efficiency, emissions reduction, or other green technologies.

This patent claim does not contribute to climate change mitigation as it does not describe a renewable energy, efficiency, emissions reduction, or other green technology under Y02.","This patent claim does not contribute to climate change mitigation as it does not describe a renewable energy, efficiency, emissions reduction, or other green technology under Y02.",0.0,0.95,"The method described in the patent claim is a chemical synthesis process for creating a ligand functionalized substrate. It does not inherently contribute to climate change mitigation, renewable energy, energy efficiency, emissions reduction, or any other green technology relevant to the Y02 classification.",0.0
9750784,"1. A method for the treatment and/or prophylaxis of physiological and/or pathophysiological conditions, selected from the group consisting of arthrosis, traumatic cartilage injuries, arthritis, pain, allodynia and hyperalgesia, comprising intraarticular administration to a patient in need of said treatment of a pharmaceutical preparation comprising pepstatin and/or one of its physiologically acceptable salts, solvates, prodrugs and stereoisomers, including mixtures thereof in all ratios, and one or more excipients and/or adjuvants, said preparation formulated for intraarticular administration for the treatment and/or prophylaxis of said physiological and/or pathophysiological conditions, wherein the pharmaceutical preparation is formulated for administration weekly to yearly, and wherein the pharmaceutical preparation is administered weekly to yearly.","CLAIM:
1. A method for the treatment and/or prophylaxis of physiological and/or pathophysiological conditions, selected from the group consisting of arthrosis, traumatic cartilage injuries, arthritis, pain, allodynia and hyperalgesia, comprising intraarticular administration to a patient in need of said treatment of a pharmaceutical preparation comprising pepstatin and/or one of its physiologically acceptable salts, solvates, prodrugs and stereoisomers, including mixtures thereof in all ratios, and one or more excipients and/or adjuvants, said preparation formulated for intraarticular administration for the treatment and/or prophylaxis of said physiological and/or pathophysiological conditions, wherein the pharmaceutical preparation is formulated for administration weekly to yearly, and wherein the pharmaceutical preparation is administered weekly to yearly.

Argue why this patent contributes to climate change mitigation (Y02 class).
Focus on renewable energy, efficiency, emissions reduction, or other green technologies.

This patent claim does not describe a technology that contributes to climate change mitigation under Y02.",This patent claim does not describe a technology that contributes to climate change mitigation under Y02.,0.0,0.95,"The patent claim describes a method for treating and/or prophylaxis of various physiological and pathophysiological conditions using pepstatin and its derivatives. This method does not address renewable energy, energy efficiency, emissions reduction, or any other green technologies relevant to climate change mitigation. Therefore, it does not qualify under Y02.",0.0
9408385,1. A composition comprising: a) N-{2-[3-chloro-5-(trifluoromethyl)-2-pyridinyl]ethyl}-2-trifluoromethylbenzamide; and b) an insecticide selected from the group consisting of rynaxypyr and ethiprole; wherein the (a)/(b) weight ratio is from 1/125 to 125/1.,"CLAIM:
1. A composition comprising: a) N-{2-[3-chloro-5-(trifluoromethyl)-2-pyridinyl]ethyl}-2-trifluoromethylbenzamide; and b) an insecticide selected from the group consisting of rynaxypyr and ethiprole; wherein the (a)/(b) weight ratio is from 1/125 to 125/1.

Argue why this patent contributes to climate change mitigation (Y02 class).
Focus on renewable energy, efficiency, emissions reduction, or other green technologies.

This patent claim does not describe a technology that contributes to climate change mitigation.",This patent claim does not describe a technology that contributes to climate change mitigation.,0.0,0.95,"The patent claim describes a composition for treating insect infestations, which does not contribute to climate change mitigation or sustainability efforts. It does not involve renewable energy, energy efficiency, emissions reduction, or other green technologies relevant to Y02 criteria.",0.0
9570495,"1. A solid-state imaging device, comprising: a substrate having a charge accumulation region, wherein the charge accumulation region is formed within the substrate; a transparent electrode; and a photoelectric conversion region configured to generate signal charges to be accumulated in the charge accumulation region, wherein the photoelectric conversion region is provided on and is in contact with the charge accumulation region and with the substrate, wherein the photoelectric conversion region comprises a material that is not transparent and that blocks light from entering the charge accumulation region, wherein about 1.8×10","CLAIM:
1. A solid-state imaging device, comprising: a substrate having a charge accumulation region, wherein the charge accumulation region is formed within the substrate; a transparent electrode; and a photoelectric conversion region configured to generate signal charges to be accumulated in the charge accumulation region, wherein the photoelectric conversion region is provided on and is in contact with the charge accumulation region and with the substrate, wherein the photoelectric conversion region comprises a material that is not transparent and that blocks light from entering the charge accumulation region, wherein about 1.8×10

Argue why this patent contributes to climate change mitigation (Y02 class).
Focus on renewable energy, efficiency, emissions reduction, or other green technologies.
This patent claim does not contribute to climate change mitigation.",This patent claim does not contribute to climate change mitigation.,0.0,0.95,"The patent claim describes a solid-state imaging device, which is primarily used for image capture and processing. This device does not contribute to climate change mitigation through renewable energy, energy efficiency, or emissions reduction. Therefore, it does not qualify under Y02 (green climate mitigation technology) criteria.",0.0
8428205,"1. A communications apparatus, comprising: a first wireless communications module providing a first wireless communications service and communicating with a first communications device in compliance with a first protocol; a second wireless communications module providing a second wireless communications service and communicating with a second communications device in compliance with a second protocol; and a clock source shared by the first and the second communications modules and providing a reference clock to the first and the second communications modules, wherein the first wireless communications module detects a request from the second wireless communications module for activating the clock source, determines whether the reference clock has been stably generated by the clock source, and adjusts an electrical characteristic of the clock source to facilitate the reference clock output from the clock source to achieve a target frequency when the reference clock has not been stably generated.","CLAIM:
1. A communications apparatus, comprising: a first wireless communications module providing a first wireless communications service and communicating with a first communications device in compliance with a first protocol; a second wireless communications module providing a second wireless communications service and communicating with a second communications device in compliance with a second protocol; and a clock source shared by the first and the second communications modules and providing a reference clock to the first and the second communications modules, wherein the first wireless communications module detects a request from the second wireless communications module for activating the clock source, determines whether the reference clock has been stably generated by the clock source, and adjusts an electrical characteristic of the clock source to facilitate the reference clock output from the clock source to achieve a target frequency when the reference clock has not been stably generated.

Argue why this patent contributes to climate change mitigation (Y02 class).
Focus on renewable energy, efficiency, emissions reduction, or other green technologies.

This patent claim does not contribute to climate change mitigation under the Y02 taxonomy.",This patent claim does not contribute to climate change mitigation under the Y02 taxonomy.,0.0,0.95,"The patent claim focuses on improving the stability and efficiency of communication systems, which is a technical improvement rather than an environmental solution. It does not explicitly address or contribute to climate change mitigation, such as reducing greenhouse gas emissions or improving energy efficiency.",0.0
9680123,"1. A light emitting device, comprising: a substrate; a first electrode layer disposed on the substrate, the first electrode layer further including: an organic light emitting layer, disposed on the substrate; and a second electrode layer, disposed on the substrate, and the organic light emitting layer is between the first electrode layer and the second electrode layer in the thickness direction of the substrate.","CLAIM:
1. A light emitting device, comprising: a substrate; a first electrode layer disposed on the substrate, the first electrode layer further including: an organic light emitting layer, disposed on the substrate; and a second electrode layer, disposed on the substrate, and the organic light emitting layer is between the first electrode layer and the second electrode layer in the thickness direction of the substrate.

Argue why this patent contributes to climate change mitigation (Y02 class).
Focus on renewable energy, efficiency, emissions reduction, or other green technologies.
This patent claim does not describe a green/sustainable technology under Y02.",This patent claim does not describe a green/sustainable technology under Y02.,0.0,0.9,"The patent claim describes a light emitting device, which is a general technological improvement in display technology. However, it does not provide specific details about the materials used, energy consumption, or environmental benefits. Without such information, it cannot be classified as a green/sustainable technology under the Y02 taxonomy.",0.0
9296376,"1. A vehicle brake system comprising: a hydraulic brake device having a master cylinder for generating a base hydraulic pressure corresponding to a manipulation amount of a braking manipulation member, a pump for generating a controlled hydraulic pressure, and a hydraulic control unit configured to add a base hydraulic brake force corresponding to the base hydraulic pressure and a controlled hydraulic brake force corresponding to the controlled hydraulic pressure, the hydraulic control unit further configured to control the hydraulic brake device to apply the added brake forces to wheels; a regenerative brake device for applying a regenerative brake force to driving wheels which are included in the wheels, the regenerative brake device comprising a generator motor for driving the driving wheels and for generating the regenerative brake force applied to the driving wheels; wherein the wheels are four wheels including two front wheels and two rear wheels, the driving wheels being selected as the two front wheels or the two rear wheels; and a brake control device configured to cooperatively control the hydraulic brake device and the regenerative brake device; wherein the brake control device includes: a driver target brake force calculation section for calculating a driver target brake force for each wheel corresponding to the manipulation amount of the braking manipulation member; a compensation brake force setting section for enabling the brake control device to set compensation brake forces for the respective wheels independently of the driver target brake force; a selection compensation section for selecting a larger one of the driver target brake force and the compensation brake force for each wheel and for subtracting the base hydraulic brake force from the selected one brake force to set a compensated target brake force for each wheel; and a distribution control section configured to control the compensated target brake force for each wheel to be distributed to the controlled hydraulic brake force provided by the hydraulic brake device for each wheel and the regenerative brake force provided by the regenerative brake device for each driving wheel; wherein the distribution control section includes: a left right comparison section for comparing a right side sum made by adding the compensated target brake forces for the front and rear wheels on a right side with a left side sum made by adding the compensated target forces for the front and rear wheel on a left side, each of the compensated target brake forces being calculated by the selection compensation section; a left right equal-time distribution control section being operable when the right side sum and the left side sum are equal, for applying to the generator motor a demand regenerative brake force which is obtained by the addition of the compensated target brake forces for the four wheels, acquiring an executed regenerative brake force which was generated by the generator motor, and subtracting a value which is obtained by dividing the executed regenerative brake force by four, from each of the compensated target brake forces for the four wheels to set respective differences as the respective controlled hydraulic brake forces applied by the hydraulic brake device for each wheel; and a left right unequal-time distribution control section being operable when the right side sum and the left side sum differ, for applying to the generator motor a demand regenerative brake force which is obtained by doubling a smaller one of the right side sum and the left side sum, acquiring the executed regenerative brake force which was generated by the generator motor, and subtracting a value which is obtained by dividing the executed regenerative brake force by four, from each of the compensated target brake forces for the four wheels to set respective differences as the respective controlled hydraulic brake forces applied by the hydraulic brake device for each wheel.","CLAIM:
1. A vehicle brake system comprising: a hydraulic brake device having a master cylinder for generating a base hydraulic pressure corresponding to a manipulation amount of a braking manipulation member, a pump for generating a controlled hydraulic pressure, and a hydraulic control unit configured to add a base hydraulic brake force corresponding to the base hydraulic pressure and a controlled hydraulic brake force corresponding to the controlled hydraulic pressure, the hydraulic control unit further configured to control the hydraulic brake device to apply the added brake forces to wheels; a regenerative brake device for applying a regenerative brake force to driving wheels which are included in the wheels, the regenerative brake device comprising a generator motor for driving the driving wheels and for generating the regenerative brake force applied to the driving wheels; wherein the wheels are four wheels including two front wheels and two rear wheels, the driving wheels being selected as the two front wheels or the two rear wheels; and a brake control device configured to cooperatively control the hydraulic brake device and the regenerative brake device; wherein the brake control device includes: a driver target brake force calculation section for calculating a driver target brake force for each wheel corresponding to the manipulation amount of the braking manipulation member; a compensation brake force setting section for enabling the brake control device to set compensation brake forces for the respective wheels independently of the driver target brake force; a selection compensation section for selecting a larger one of the driver target brake force and the compensation brake force for each wheel and for subtracting the base hydraulic brake force from the selected one brake force to set a compensated target brake force for each wheel; and a distribution control section configured to control the compensated target brake force for each wheel to be distributed to the controlled hydraulic brake force provided by the hydraulic brake device for each wheel and the regenerative brake force provided by the regenerative brake device for each driving wheel; wherein the distribution control section includes: a left right comparison section for comparing a right side sum made by adding the compensated target brake forces for the front and rear wheels on a right side with a left side sum made by adding the compensated target forces for the front and rear wheel on a left side, each of the compensated target brake forces being calculated by the selection compensation section; a left right equal-time distribution control section being operable when the right side sum and the left side sum are equal, for applying to the generator motor a demand regenerative brake force which is obtained by the addition of the compensated target brake forces for the four wheels, acquiring an executed regenerative brake force which was generated by the generator motor, and subtracting a value which is obtained by dividing the executed regenerative brake force by four, from each of the compensated target brake forces for the four wheels to set respective differences as the respective controlled hydraulic brake forces applied by the hydraulic brake device for each wheel; and a left right unequal-time distribution control section being operable when the right side sum and the left side sum differ, for applying to the generator motor a demand regenerative brake force which is obtained by doubling a smaller one of the right side sum and the left side sum, acquiring the executed regenerative brake force which was generated by the generator motor, and subtracting a value which is obtained by dividing the executed regenerative brake force by four, from each of the compensated target brake forces for the four wheels to set respective differences as the respective controlled hydraulic brake forces applied by the hydraulic brake device for each wheel.

Argue why this patent contributes to climate change mitigation (Y02 class).
Focus on renewable energy, efficiency, emissions reduction, or other green technologies.
This patent claim describes a vehicle brake system comprising a hydraulic brake device and a regenerative brake device, wherein the hydraulic brake device includes a master cylinder, a pump, and a hydraulic control unit configured to add a base hydraulic brake force and a controlled hydraulic brake force, the regenerative brake device includes a generator motor, and the brake control device is configured to cooperatively control the hydraulic brake device and the regenerative brake device. The brake control device includes a driver target brake force calculation section, a compensation brake force setting section, a selection compensation section, and a distribution control section. The driver target brake force calculation section calculates a driver target brake force for each wheel corresponding to the manipulation amount of the braking manipulation member, the compensation brake force setting section enables the brake control device to set compensation brake forces for the respective wheels independently of the driver target brake force, the selection compensation section selects a larger one of the driver target brake force and the compensation brake force for each wheel and subtracts the base hydraulic brake force from the selected one brake force to set a compensated target brake force for each wheel, and the distribution control section controls the compensated target brake force for each wheel to be distributed to the controlled hydraulic brake force provided by the hydraulic brake device for each wheel and the regenerative brake force provided by the regenerative brake device for each driving wheel. The distribution control section includes a left right comparison section, a left right equal-time distribution control section, and a left right unequal-time distribution control section. The left right comparison section compares a right side sum made by adding the compensated target brake forces for the front and rear wheels on a right side with a left side sum made by adding the compensated target forces for the front and rear wheel on a left side, each of the compensated target brake forces being calculated by the selection compensation section, the left right equal-time distribution control section applies to the generator motor a demand regenerative brake force which is obtained by the addition of the compensated target brake forces for the four wheels, acquires an executed regenerative brake force which was generated by the generator motor, and subtracts a value which is obtained by dividing the executed regenerative","This patent claim describes a vehicle brake system comprising a hydraulic brake device and a regenerative brake device, wherein the hydraulic brake device includes a master cylinder, a pump, and a hydraulic control unit configured to add a base hydraulic brake force and a controlled hydraulic brake force, the regenerative brake device includes a generator motor, and the brake control device is configured to cooperatively control the hydraulic brake device and the regenerative brake device. The brake control device includes a driver target brake force calculation section, a compensation brake force setting section, a selection compensation section, and a distribution control section. The driver target brake force calculation section calculates a driver target brake force for each wheel corresponding to the manipulation amount of the braking manipulation member, the compensation brake force setting section enables the brake control device to set compensation brake forces for the respective wheels independently of the driver target brake force, the selection compensation section selects a larger one of the driver target brake force and the compensation brake force for each wheel and subtracts the base hydraulic brake force from the selected one brake force to set a compensated target brake force for each wheel, and the distribution control section controls the compensated target brake force for each wheel to be distributed to the controlled hydraulic brake force provided by the hydraulic brake device for each wheel and the regenerative brake force provided by the regenerative brake device for each driving wheel. The distribution control section includes a left right comparison section, a left right equal-time distribution control section, and a left right unequal-time distribution control section. The left right comparison section compares a right side sum made by adding the compensated target brake forces for the front and rear wheels on a right side with a left side sum made by adding the compensated target forces for the front and rear wheel on a left side, each of the compensated target brake forces being calculated by the selection compensation section, the left right equal-time distribution control section applies to the generator motor a demand regenerative brake force which is obtained by the addition of the compensated target brake forces for the four wheels, acquires an executed regenerative brake force which was generated by the generator motor, and subtracts a value which is obtained by dividing the executed regenerative",0.0,0.95,"The patent claim describes a vehicle brake system focused on enhancing braking performance and safety, without addressing any environmental benefits or sustainability measures. It does not contribute to reducing greenhouse gas emissions or promoting sustainable transportation, which are key criteria for the Y02 taxonomy.",0.0
8497384,"1. A process for the preparation of a cyclopropane derivative of Formula (I), by reacting an olefin of Formula (II), with a carbene of the formula:CR R R R R R R R R R in the presence of copper metal or copper oxide, wherein the process is a continuous process.","CLAIM:
1. A process for the preparation of a cyclopropane derivative of Formula (I), by reacting an olefin of Formula (II), with a carbene of the formula:CR R R R R R R R R R in the presence of copper metal or copper oxide, wherein the process is a continuous process.

Argue why this patent contributes to climate change mitigation (Y02 class).
Focus on renewable energy, efficiency, emissions reduction, or other green technologies.

This patent claim describes a process for the preparation of a cyclopropane derivative of Formula (I), by reacting an olefin of Formula (II), with a carbene of the formula:CR R R R R R R R R R in the presence of copper metal or copper oxide. This process is a continuous process.

This claim does not describe a technology that contributes to climate change mitigation under Y02.","This patent claim describes a process for the preparation of a cyclopropane derivative of Formula (I), by reacting an olefin of Formula (II), with a carbene of the formula:CR R R R R R R R R R in the presence of copper metal or copper oxide. This process is a continuous process.

This claim does not describe a technology that contributes to climate change mitigation under Y02.",0.0,0.8,"The claim describes a process for the preparation of a cyclopropane derivative, which is a chemical synthesis process. It does not provide any specific details about the environmental impact or sustainability of the process. The process being continuous does not inherently contribute to climate change mitigation. Without evidence of reduced greenhouse gas emissions, improved energy efficiency, or sustainable practices, the process does not qualify under Y02 standards.",0.0
9169210,1. A compound of the general formula: wherein X and X′ are independently O or S; A is unsubstituted or substituted phenyl wherein the substituents are independently 1 to 5H; halo; nitro; cyano; hydroxy; amino (—NR B is E is unsubstituted or substituted (C wherein R G is H or CN; provided that: 1) when E is unsubstituted or substituted (C 2) when E is a substituted (C wherein R,"CLAIM:
1. A compound of the general formula: wherein X and X′ are independently O or S; A is unsubstituted or substituted phenyl wherein the substituents are independently 1 to 5H; halo; nitro; cyano; hydroxy; amino (—NR B is E is unsubstituted or substituted (C wherein R G is H or CN; provided that: 1) when E is unsubstituted or substituted (C 2) when E is a substituted (C wherein R

Argue why this patent contributes to climate change mitigation (Y02 class).
Focus on renewable energy, efficiency, emissions reduction, or other green technologies.
This patent claim does not describe a green/sustainable technology under Y02.",This patent claim does not describe a green/sustainable technology under Y02.,0.0,0.9,"The patent claim describes a compound of a specific chemical formula without any indication of its intended use or environmental benefits. It does not contribute to climate change mitigation or sustainability, and thus does not qualify under Y02 criteria.",0.0
8741565,"1. A method for detecting a target nucleic acid of two or more different pathogens in a biological sample from a patient, said method comprising: amplifying the target nucleic acids in the sample utilizing at least first and second primer pairs that bind conserved regions in two or more different pathogens, wherein the first and second primer pairs are SEQ ID NOS: 1-2, corresponding to gram-positive and gram-negative bacteria, respectively, and SEQ ID NOS: 7-8, corresponding to enteroviruses; contacting the amplified target nucleic acids with an oligonucleotide microarray, said microarray including two or more probes or sets of probes comprising polynucleotide sequences complementary to two or more different pathogens, wherein the probes comprise polynucleotide sequences selected from the group consisting of SEQ ID NOS: 13-21, corresponding to detecting binding of amplified target nucleic acids to the probes, wherein binding to a probe indicates the presence of the polynucleotide sequence to which the probe is complementary in the sample.","CLAIM:
1. A method for detecting a target nucleic acid of two or more different pathogens in a biological sample from a patient, said method comprising: amplifying the target nucleic acids in the sample utilizing at least first and second primer pairs that bind conserved regions in two or more different pathogens, wherein the first and second primer pairs are SEQ ID NOS: 1-2, corresponding to gram-positive and gram-negative bacteria, respectively, and SEQ ID NOS: 7-8, corresponding to enteroviruses; contacting the amplified target nucleic acids with an oligonucleotide microarray, said microarray including two or more probes or sets of probes comprising polynucleotide sequences complementary to two or more different pathogens, wherein the probes comprise polynucleotide sequences selected from the group consisting of SEQ ID NOS: 13-21, corresponding to detecting binding of amplified target nucleic acids to the probes, wherein binding to a probe indicates the presence of the polynucleotide sequence to which the probe is complementary in the sample.

Argue why this patent contributes to climate change mitigation (Y02 class).
Focus on renewable energy, efficiency, emissions reduction, or other green technologies.
This patent claim does not contribute to climate change mitigation under Y02.",This patent claim does not contribute to climate change mitigation under Y02.,0.0,0.95,"The patent claim describes a method for detecting pathogens in biological samples, which is a diagnostic tool. This technology does not contribute to climate change mitigation and lacks any explicit mention of environmental benefits or measures to reduce greenhouse gas emissions. Therefore, it does not qualify for the Y02 classification.",0.0
9141577,1. An apparatus comprising: a converged protocol stack having hardware and including:,"CLAIM:
1. An apparatus comprising: a converged protocol stack having hardware and including:

Argue why this patent contributes to climate change mitigation (Y02 class).
Focus on renewable energy, efficiency, emissions reduction, or other green technologies.
This patent claim does not describe a green/sustainable technology under Y02.",This patent claim does not describe a green/sustainable technology under Y02.,0.0,0.95,"The patent claim describes an apparatus with a converged protocol stack, which is focused on network communication and data processing. This technology does not explicitly address or provide evidence of direct contributions to reducing greenhouse gas emissions or combating climate change. It lacks specific environmental benefits or measures that would qualify it under the Y02 classification for climate change mitigation technologies.",0.0
8702964,"1. A method of detecting soil macronutrient, plant nutrient uptake, phosphate contaminant in ground water, phosphate contaminant in rivers and phosphate poison in agriculture products, comprising: introducing a monobasic phosphate (H","CLAIM:
1. A method of detecting soil macronutrient, plant nutrient uptake, phosphate contaminant in ground water, phosphate contaminant in rivers and phosphate poison in agriculture products, comprising: introducing a monobasic phosphate (H

Argue why this patent contributes to climate change mitigation (Y02 class).
Focus on renewable energy, efficiency, emissions reduction, or other green technologies.
This patent claim does not contribute to climate change mitigation.",This patent claim does not contribute to climate change mitigation.,0.0,0.95,"The patent claim describes a method for detecting soil macronutrients, plant nutrient uptake, and phosphate contaminants. While this method supports environmental management, it does not directly contribute to reducing greenhouse gas emissions or improving energy efficiency, which are key aspects of climate change mitigation. Therefore, it does not qualify under the Y02 classification for climate change mitigation technologies.",0.0
9845426,1. A method of treating a well comprising: (A) forming a fluid comprising: (B) introducing the fluid into a well.,"CLAIM:
1. A method of treating a well comprising: (A) forming a fluid comprising: (B) introducing the fluid into a well.

Argue why this patent contributes to climate change mitigation (Y02 class).
Focus on renewable energy, efficiency, emissions reduction, or other green technologies.
This patent claim does not describe a green/sustainable technology under Y02.",This patent claim does not describe a green/sustainable technology under Y02.,0.0,0.95,"The patent claim describes a generic method of treating a well by forming and introducing a fluid, which lacks specific details about the fluid, treatment process, and environmental benefits. This method does not contribute to climate change mitigation and does not meet the criteria for Y02 classification.",0.0
9762243,"1. An apparatus comprising: a first input/output (I/O) interface circuit having a maximum voltage rating, the first I/O interface circuit comprising a level shifter and an output stage; and a reference voltage bias generator coupled to the first I/O interface circuit, to a supply voltage, and to a first ground potential, wherein","CLAIM:
1. An apparatus comprising: a first input/output (I/O) interface circuit having a maximum voltage rating, the first I/O interface circuit comprising a level shifter and an output stage; and a reference voltage bias generator coupled to the first I/O interface circuit, to a supply voltage, and to a first ground potential, wherein

Argue why this patent contributes to climate change mitigation (Y02 class).
Focus on renewable energy, efficiency, emissions reduction, or other green technologies.
This patent claim does not contribute to climate change mitigation.",This patent claim does not contribute to climate change mitigation.,0.0,0.95,"The patent claim describes an apparatus comprising a first input/output (I/O) interface circuit and a reference voltage bias generator. It does not provide any specific details about the functionality, performance, or environmental impact of the apparatus. The claim does not address any technologies that reduce greenhouse gas emissions, improve energy efficiency, or contribute to a reduction in carbon footprint, which are essential for qualifying under the Y02 classification for climate change mitigation technologies.",0.0
9076702,"1. A frontside-illuminated barrier infrared photodetector comprising: a transparent carrier substrate; a plurality of pixels, each pixel of the plurality of pixels comprising an absorber layer, a barrier layer on the absorber layer, a collector layer on the barrier layer, a backside electrical contact coupled to the absorber layer, and a frontside common electrical contact coupled to the collector layer, wherein:","CLAIM:
1. A frontside-illuminated barrier infrared photodetector comprising: a transparent carrier substrate; a plurality of pixels, each pixel of the plurality of pixels comprising an absorber layer, a barrier layer on the absorber layer, a collector layer on the barrier layer, a backside electrical contact coupled to the absorber layer, and a frontside common electrical contact coupled to the collector layer, wherein:

Argue why this patent contributes to climate change mitigation (Y02 class).
Focus on renewable energy, efficiency, emissions reduction, or other green technologies.

This patent claim does not describe a green/sustainable technology under Y02.",This patent claim does not describe a green/sustainable technology under Y02.,0.0,0.95,The claim for a frontside-illuminated barrier infrared photodetector does not describe any technology that directly contributes to climate change mitigation or sustainability. It focuses on the technical specifications of the photodetector without mentioning any environmental benefits or sustainability features.,0.0
8739133,"1. An information processing system for facilitating debugging of a multi-threaded application, the information processing system comprising: a memory; a processor communicatively coupled to the memory; and a debugger configured to receive debugging requests from a user via a graphical user interface and communicatively coupled to the memory and the processor, wherein the debugger is configured to:","CLAIM:
1. An information processing system for facilitating debugging of a multi-threaded application, the information processing system comprising: a memory; a processor communicatively coupled to the memory; and a debugger configured to receive debugging requests from a user via a graphical user interface and communicatively coupled to the memory and the processor, wherein the debugger is configured to:

Argue why this patent contributes to climate change mitigation (Y02 class).
Focus on renewable energy, efficiency, emissions reduction, or other green technologies.
This patent claim does not describe a green/sustainable technology under Y02.",This patent claim does not describe a green/sustainable technology under Y02.,0.0,0.95,"The claim describes an information processing system for facilitating debugging of a multi-threaded application. This system does not address any environmental benefits or sustainability features, and its primary function is to improve software development efficiency. It does not meet the criteria for Y02 (Climate Change Mitigation Technologies) as it does not contribute to reducing greenhouse gas emissions, improving energy efficiency, or addressing other environmental issues.",0.0
9299023,"1. A computer implemented method of generating and using an electronic horizon for use with an advanced driver assistance system (ADAS) of a vehicle, comprising: accessing, by a processor, a probability matrix stored in a memory having, in respect of each of one or more decision points of a road network, data indicative of a historic relative probability that each of a plurality of possible outgoing paths at the decision point will be taken by a vehicle for each of one or more possible incoming paths, wherein the data indicative of the historic relative probability that a given possible outgoing path will be taken is based upon positional data relating to the movements of a plurality of devices associated with vehicles with respect to time on the road network; using, by the processor, the probability matrix to determine data indicative of a relative probability that each of a plurality of possible outgoing paths associated with a decision point will be taken by the vehicle when confronted with the decision point; generating, by the processor, the electronic horizon from the determined data, wherein the electronic horizon defines at least a most probable outgoing path to be taken by the vehicle from the decision point; and providing, by the processor, data to the ADAS of the vehicle determined using the electronic horizon to provide assistance to a driver of the vehicle.","CLAIM:
1. A computer implemented method of generating and using an electronic horizon for use with an advanced driver assistance system (ADAS) of a vehicle, comprising: accessing, by a processor, a probability matrix stored in a memory having, in respect of each of one or more decision points of a road network, data indicative of a historic relative probability that each of a plurality of possible outgoing paths at the decision point will be taken by a vehicle for each of one or more possible incoming paths, wherein the data indicative of the historic relative probability that a given possible outgoing path will be taken is based upon positional data relating to the movements of a plurality of devices associated with vehicles with respect to time on the road network; using, by the processor, the probability matrix to determine data indicative of a relative probability that each of a plurality of possible outgoing paths associated with a decision point will be taken by the vehicle when confronted with the decision point; generating, by the processor, the electronic horizon from the determined data, wherein the electronic horizon defines at least a most probable outgoing path to be taken by the vehicle from the decision point; and providing, by the processor, data to the ADAS of the vehicle determined using the electronic horizon to provide assistance to a driver of the vehicle.

Argue why this patent contributes to climate change mitigation (Y02 class).
Focus on renewable energy, efficiency, emissions reduction, or other green technologies.

This patent claim does not describe a technology that contributes to climate change mitigation under Y02.",This patent claim does not describe a technology that contributes to climate change mitigation under Y02.,0.0,0.9,"The claim describes a method for generating and using an electronic horizon for an advanced driver assistance system (ADAS) in a vehicle. While this technology could potentially lead to reduced emissions by improving driving efficiency, the claim does not explicitly state or demonstrate these environmental benefits. Therefore, it does not qualify under Y02 (Climate Change Mitigation Technologies) criteria.",0.0
9843289,"1. A voltage controlled oscillator (VCO) comprising: an active device, wherein the active device further includes an n-type transistor having a drain, gate and bulk; a p-type transistor having a drain, gate and bulk; wherein the n-type transistor and the p-type transistor share a common source; a first capacitor coupled between the gate of n-type transistor and the gate of p-type transistor; a second capacitor coupled between the drain of the n-type transistor and the drain of p-type transistor; and a third capacitor coupled between the bulk of n-type transistor and the bulk of p-type transistor; a tuning block coupled to the common source to form a common gate amplifier; and at least one tuning element coupled to the active device for changing the overall capacitance of the VCO; wherein the VCO has a high breakdown voltage, is memory less and traps even harmonic signals.","CLAIM:
1. A voltage controlled oscillator (VCO) comprising: an active device, wherein the active device further includes an n-type transistor having a drain, gate and bulk; a p-type transistor having a drain, gate and bulk; wherein the n-type transistor and the p-type transistor share a common source; a first capacitor coupled between the gate of n-type transistor and the gate of p-type transistor; a second capacitor coupled between the drain of the n-type transistor and the drain of p-type transistor; and a third capacitor coupled between the bulk of n-type transistor and the bulk of p-type transistor; a tuning block coupled to the common source to form a common gate amplifier; and at least one tuning element coupled to the active device for changing the overall capacitance of the VCO; wherein the VCO has a high breakdown voltage, is memory less and traps even harmonic signals.

Argue why this patent contributes to climate change mitigation (Y02 class).
Focus on renewable energy, efficiency, emissions reduction, or other green technologies.

This patent claim does not contribute to climate change mitigation under Y02.",This patent claim does not contribute to climate change mitigation under Y02.,0.0,0.8,"The patent claim describes a voltage-controlled oscillator (VCO) with specific components and characteristics, but does not explicitly state any direct contribution to climate change mitigation. While the VCO can be used in applications that may contribute to energy efficiency, the claim does not provide sufficient evidence to classify it as a technology directly contributing to climate change mitigation under Y02 criteria.",0.0
9668236,"1. A method for monitoring User Equipment (UE) reachability in a wireless communication system, comprising: receiving, by a Mobility Management Entity (MME), a monitoring request message for UE reachability including a maximum response time from a Home Subscriber Server (HSS); detecting, by the MME, the UE reachability when the UE will become reachable for paging in case that extended Discontinuous Reception (DRX) is applied to the UE; and sending, by the MME, a UE reachability notification to a Service Capability Exposure Function (SCEF) before a next paging occasion of the UE, wherein the maximum response time indicates a time during which the UE maintains a reachable state so that downlink data is reliably delivered to the UE, and wherein an occasion when the UE reachability notification is transmitted is determined by taking into consideration the maximum response time.","CLAIM:
1. A method for monitoring User Equipment (UE) reachability in a wireless communication system, comprising: receiving, by a Mobility Management Entity (MME), a monitoring request message for UE reachability including a maximum response time from a Home Subscriber Server (HSS); detecting, by the MME, the UE reachability when the UE will become reachable for paging in case that extended Discontinuous Reception (DRX) is applied to the UE; and sending, by the MME, a UE reachability notification to a Service Capability Exposure Function (SCEF) before a next paging occasion of the UE, wherein the maximum response time indicates a time during which the UE maintains a reachable state so that downlink data is reliably delivered to the UE, and wherein an occasion when the UE reachability notification is transmitted is determined by taking into consideration the maximum response time.

Argue why this patent contributes to climate change mitigation (Y02 class).
Focus on renewable energy, efficiency, emissions reduction, or other green technologies.
This patent claim does not contribute to climate change mitigation.",This patent claim does not contribute to climate change mitigation.,0.0,0.8,"The patent claim focuses on improving UE reachability monitoring in wireless communication systems, which does not explicitly contribute to climate change mitigation. While it may lead to reduced energy consumption indirectly, this is not a primary or direct goal of the technology.",0.0
9552042,"1. A method of controlling a portable electronic device including a processor coupled to a touch-sensing controller, the method comprising: determining, by the processor of the portable electronic device, a first output voltage value of a battery of the portable electronic device; in response to determining the first output voltage value of the battery, identifying, by the processor, a first configuration file based on the first output voltage value of the battery, the first configuration file including an identification of a first number of pulses to be applied to drive electrodes that are driven by the touch-sensing controller to detect touches, a first drive voltage to drive the drive electrodes, and a first threshold capacitance value that is utilized to compare to signals received from sense electrodes coupled to the touch-sensing controller to detect touches, and loading, by the processor, into the touch-sensing controller coupled to the processor of the portable electronic device, the first configuration file identified by the processor such that the touch-sensing controller utilizes parameters including the first number of pulses and the first threshold capacitance value from the first configuration file to detect touches on the touch-sensitive display; determining, by the processor of the portable electronic device, a second output voltage value of a battery of the portable electronic device wherein the second output voltage is lower than the first output voltage; in response to determining the second output voltage value of the battery, identifying, by the processor, a second configuration file based on the second output voltage value of the battery, the second configuration file including an identification of a second number of pulses to be applied to the drive electrodes that are driven by the touch-sensing controller to detect touches, a second drive voltage to drive the drive electrodes, and a second threshold capacitance value that is utilized to compare to signals received from sense electrodes coupled to the touch-sensing controller to detect touches, and loading, by the processor, into the touch-sensing controller coupled to the processor of the portable electronic device, the second configuration file identified by the processor such that the touch-sensing controller utilizes parameters including the second number of pulses and the second threshold capacitance value from the second configuration file to detect touches on the touch-sensitive display, wherein the second number of pulses includes more pulses than the first number of pulses and the second drive voltage is lower than the first drive voltage; determining, by the processor of the portable electronic device, a third output voltage value of the battery of the portable electronic device, wherein the third output voltage is lower than the second output voltage; in response to determining the third output voltage value of the battery, identifying, by the processor, a third configuration file based on the third output voltage value of the battery, the third configuration file including an identification of a third number of pulses to be applied to the drive electrodes that are driven by the touch-sensing controller to detect touches, a third drive voltage to drive the drive electrodes, and a third threshold capacitance value that is utilized to compare to signals received from sense electrodes coupled to the touch-sensing controller to detect touches, and loading, by the processor, into the touch-sensing controller coupled to the processor of the portable electronic device, the third configuration file identified by the processor such that the touch-sensing controller utilizes parameters including the third number of pulses and the third threshold capacitance value from the third configuration file to detect touches on the touch-sensitive display, wherein the third number of pulses includes more pulses than the second number of pulses and the third drive voltage is lower than the second drive voltage; wherein the first configuration file differs from the second configuration file and the third configuration file, and wherein the second configuration file differs from the third configuration file.","CLAIM:
1. A method of controlling a portable electronic device including a processor coupled to a touch-sensing controller, the method comprising: determining, by the processor of the portable electronic device, a first output voltage value of a battery of the portable electronic device; in response to determining the first output voltage value of the battery, identifying, by the processor, a first configuration file based on the first output voltage value of the battery, the first configuration file including an identification of a first number of pulses to be applied to drive electrodes that are driven by the touch-sensing controller to detect touches, a first drive voltage to drive the drive electrodes, and a first threshold capacitance value that is utilized to compare to signals received from sense electrodes coupled to the touch-sensing controller to detect touches, and loading, by the processor, into the touch-sensing controller coupled to the processor of the portable electronic device, the first configuration file identified by the processor such that the touch-sensing controller utilizes parameters including the first number of pulses and the first threshold capacitance value from the first configuration file to detect touches on the touch-sensitive display; determining, by the processor of the portable electronic device, a second output voltage value of a battery of the portable electronic device wherein the second output voltage is lower than the first output voltage; in response to determining the second output voltage value of the battery, identifying, by the processor, a second configuration file based on the second output voltage value of the battery, the second configuration file including an identification of a second number of pulses to be applied to the drive electrodes that are driven by the touch-sensing controller to detect touches, a second drive voltage to drive the drive electrodes, and a second threshold capacitance value that is utilized to compare to signals received from sense electrodes coupled to the touch-sensing controller to detect touches, and loading, by the processor, into the touch-sensing controller coupled to the processor of the portable electronic device, the second configuration file identified by the processor such that the touch-sensing controller utilizes parameters including the second number of pulses and the second threshold capacitance value from the second configuration file to detect touches on the touch-sensitive display, wherein the second number of pulses includes more pulses than the first number of pulses and the second drive voltage is lower than the first drive voltage; determining, by the processor of the portable electronic device, a third output voltage value of the battery of the portable electronic device, wherein the third output voltage is lower than the second output voltage; in response to determining the third output voltage value of the battery, identifying, by the processor, a third configuration file based on the third output voltage value of the battery, the third configuration file including an identification of a third number of pulses to be applied to the drive electrodes that are driven by the touch-sensing controller to detect touches, a third drive voltage to drive the drive electrodes, and a third threshold capacitance value that is utilized to compare to signals received from sense electrodes coupled to the touch-sensing controller to detect touches, and loading, by the processor, into the touch-sensing controller coupled to the processor of the portable electronic device, the third configuration file identified by the processor such that the touch-sensing controller utilizes parameters including the third number of pulses and the third threshold capacitance value from the third configuration file to detect touches on the touch-sensitive display, wherein the third number of pulses includes more pulses than the second number of pulses and the third drive voltage is lower than the second drive voltage; wherein the first configuration file differs from the second configuration file and the third configuration file, and wherein the second configuration file differs from the third configuration file.

Argue why this patent contributes to climate change mitigation (Y02 class).
Focus on renewable energy, efficiency, emissions reduction, or other green technologies.
This patent claim does not describe a green/sustainable technology under Y02.",This patent claim does not describe a green/sustainable technology under Y02.,0.0,0.95,"The patent claim focuses on optimizing touch-sensing performance in portable electronic devices based on battery voltage. While this can potentially lead to reduced energy consumption, it does not directly address environmental issues such as reducing greenhouse gas emissions or improving energy efficiency. The primary intent is to enhance device functionality, not to contribute to climate change mitigation.",0.0
8394877,"1. A pattern forming material comprising a copolymer selected from the group consisting of a block copolymer and a graft copolymer comprising two homopolymer chains whose ratio between N/(Nc−No) values of respective monomer units is 1.4 or more, where N represents total number of atoms in the monomer unit, Nc represents a number of carbon atoms in the monomer unit, No represents a number of oxygen atoms in the monomer unit, and wherein the copolymer is dissolved in a cellosolve-based solvent.","CLAIM:
1. A pattern forming material comprising a copolymer selected from the group consisting of a block copolymer and a graft copolymer comprising two homopolymer chains whose ratio between N/(Nc−No) values of respective monomer units is 1.4 or more, where N represents total number of atoms in the monomer unit, Nc represents a number of carbon atoms in the monomer unit, No represents a number of oxygen atoms in the monomer unit, and wherein the copolymer is dissolved in a cellosolve-based solvent.

Argue why this patent contributes to climate change mitigation (Y02 class).
Focus on renewable energy, efficiency, emissions reduction, or other green technologies.

This patent claim does not contribute to climate change mitigation. It describes a pattern forming material comprising a copolymer, which is dissolved in a cellosolve-based solvent. The copolymer is a block copolymer or a graft copolymer comprising two homopolymer chains whose ratio between N/(Nc−No) values of respective monomer units is 1.4 or more. The pattern forming material is used for forming a pattern on a substrate. However, the patent claim does not describe a renewable energy, efficiency, emissions reduction, or other green technologies.","This patent claim does not contribute to climate change mitigation. It describes a pattern forming material comprising a copolymer, which is dissolved in a cellosolve-based solvent. The copolymer is a block copolymer or a graft copolymer comprising two homopolymer chains whose ratio between N/(Nc−No) values of respective monomer units is 1.4 or more. The pattern forming material is used for forming a pattern on a substrate. However, the patent claim does not describe a renewable energy, efficiency, emissions reduction, or other green technologies.",0.0,0.9,"The patent claim describes a pattern forming material comprising a copolymer, which does not explicitly contribute to climate change mitigation. It does not describe renewable energy, efficiency, emissions reduction, or other green technologies, and the use of cellosolve-based solvents does not inherently address environmental concerns.",0.0
9367211,"1. A method for preparing an interface tab in a web browser, comprising: receiving a request to create the interface tab in the web browser, using a processor; associating page content with the interface tab; defining a limit on computing resource usage to be applied to loading of the interface tab and page content, using the processor, which limit is less than available computing resources, the limit being defined as a percentage of the available computing resources; creating the interface tab using the limit on the computing resource usage defined; and redefining the limit on computing resource usage upon selection of the interface tab via a graphical user interface; categorizing content objects in the page content of the interface tab into smaller content objects and larger content objects; determining the limit on computing resource usage for loading the page content into the interface tab; and visually loading the smaller content objects in the graphical user interface followed by the larger content objects when the available computing resources are limited according to the percentage of the available computing resources defined.","CLAIM:
1. A method for preparing an interface tab in a web browser, comprising: receiving a request to create the interface tab in the web browser, using a processor; associating page content with the interface tab; defining a limit on computing resource usage to be applied to loading of the interface tab and page content, using the processor, which limit is less than available computing resources, the limit being defined as a percentage of the available computing resources; creating the interface tab using the limit on the computing resource usage defined; and redefining the limit on computing resource usage upon selection of the interface tab via a graphical user interface; categorizing content objects in the page content of the interface tab into smaller content objects and larger content objects; determining the limit on computing resource usage for loading the page content into the interface tab; and visually loading the smaller content objects in the graphical user interface followed by the larger content objects when the available computing resources are limited according to the percentage of the available computing resources defined.

Argue why this patent contributes to climate change mitigation (Y02 class).
Focus on renewable energy, efficiency, emissions reduction, or other green technologies.

This patent claim does not contribute to climate change mitigation.",This patent claim does not contribute to climate change mitigation.,0.0,0.8,"The patent claim focuses on managing computing resources to optimize content loading in a web browser, which can contribute to energy efficiency. However, it does not directly address climate change mitigation through the use of renewable energy, emissions reduction, or other green technologies.",0.0
9224440,"1. A method of writing data to a memory device, the method comprising: receiving and buffering data in a first volatile memory space; modifying the buffered data responsive to receiving a command including a flush portion issued with a last write command; based on a determination that the flush portion of the command is active, storing the modified buffered data in a second volatile memory space; and writing at least portions of the modified buffered data from the second volatile memory space to a first non-volatile memory device.","CLAIM:
1. A method of writing data to a memory device, the method comprising: receiving and buffering data in a first volatile memory space; modifying the buffered data responsive to receiving a command including a flush portion issued with a last write command; based on a determination that the flush portion of the command is active, storing the modified buffered data in a second volatile memory space; and writing at least portions of the modified buffered data from the second volatile memory space to a first non-volatile memory device.

Argue why this patent contributes to climate change mitigation (Y02 class).
Focus on renewable energy, efficiency, emissions reduction, or other green technologies.

This patent claim does not contribute to climate change mitigation.",This patent claim does not contribute to climate change mitigation.,0.0,0.95,"The patent claim describes a method for writing data to a memory device, which does not directly contribute to climate change mitigation. It focuses on technical processes for data management and storage efficiency, without addressing any environmental benefits such as reducing emissions or improving energy efficiency.",0.0
9290858,"1. A method of treating a substrate, comprising: identifying a first treatment zone; forming a molten area of the first treatment zone by exposing a surface of the first treatment zone to a first laser pulse, wherein the first laser pulse has a non-uniformity of less than about 5 percent; recrystallizing the molten area of the first treatment zone while exposing the first treatment zone to a first plurality of laser pulses; identifying a second treatment zone; forming a molten area of the second treatment zone by exposing a surface of the second treatment zone to a second laser pulse, wherein the second laser pulse has a non-uniformity of less than about 5 percent; and recrystallizing the molten area of the second treatment zone while exposing the second treatment zone to a second plurality of laser pulses.","CLAIM:
1. A method of treating a substrate, comprising: identifying a first treatment zone; forming a molten area of the first treatment zone by exposing a surface of the first treatment zone to a first laser pulse, wherein the first laser pulse has a non-uniformity of less than about 5 percent; recrystallizing the molten area of the first treatment zone while exposing the first treatment zone to a first plurality of laser pulses; identifying a second treatment zone; forming a molten area of the second treatment zone by exposing a surface of the second treatment zone to a second laser pulse, wherein the second laser pulse has a non-uniformity of less than about 5 percent; and recrystallizing the molten area of the second treatment zone while exposing the second treatment zone to a second plurality of laser pulses.

Argue why this patent contributes to climate change mitigation (Y02 class).
Focus on renewable energy, efficiency, emissions reduction, or other green technologies.

This patent claim does not contribute to climate change mitigation. It describes a method of treating a substrate, but it does not describe a method or technology for reducing greenhouse gas emissions or mitigating climate change.","This patent claim does not contribute to climate change mitigation. It describes a method of treating a substrate, but it does not describe a method or technology for reducing greenhouse gas emissions or mitigating climate change.",0.0,0.9,"The patent claim describes a method of treating a substrate using laser pulses, which does not directly address climate change mitigation through reducing greenhouse gas emissions, improving energy efficiency, or promoting renewable energy sources. While the method may lead to increased efficiency and reduced waste, these indirect benefits do not meet the specific criteria for Y02 classification.",0.0
9409880,1. A compound of the formula: wherein X each of Z X each of R each R R each R R,"CLAIM:
1. A compound of the formula: wherein X each of Z X each of R each R R each R R

Argue why this patent contributes to climate change mitigation (Y02 class).
Focus on renewable energy, efficiency, emissions reduction, or other green technologies.

This patent claim does not describe a technology that contributes to climate change mitigation under Y02.",This patent claim does not describe a technology that contributes to climate change mitigation under Y02.,0.0,0.95,"The patent claim describes a compound of a specific chemical formula, but it does not provide any evidence or context regarding its intended use or environmental impact. It lacks any indication that the compound could be used to reduce greenhouse gas emissions, improve energy efficiency, or enhance the use of renewable energy sources, which are key criteria for Y02 classification.",0.0
9852792,"1. A non-volatile multi-level cell (“MLC”) memory device, comprising: an array of non-volatile memory cells, each non-volatile memory cell to store multiple groups of bits, each group of bits among the multiple groups being mapped to logically separate memory addresses; a row buffer having multiple buffer portions, each buffer portion to store one or more bits from the memory cells and having different read and write latencies and energies; and a memory controller to issue write requests to different bits in a set of non-volatile memory cells in the array of non-volatile memory cells and instruct the memory device to coalesce the write requests to make a single write to the set of non-volatile memory cells.","CLAIM:
1. A non-volatile multi-level cell (“MLC”) memory device, comprising: an array of non-volatile memory cells, each non-volatile memory cell to store multiple groups of bits, each group of bits among the multiple groups being mapped to logically separate memory addresses; a row buffer having multiple buffer portions, each buffer portion to store one or more bits from the memory cells and having different read and write latencies and energies; and a memory controller to issue write requests to different bits in a set of non-volatile memory cells in the array of non-volatile memory cells and instruct the memory device to coalesce the write requests to make a single write to the set of non-volatile memory cells.

Argue why this patent contributes to climate change mitigation (Y02 class).
Focus on renewable energy, efficiency, emissions reduction, or other green technologies.

This patent claim does not contribute to climate change mitigation under Y02.",This patent claim does not contribute to climate change mitigation under Y02.,0.0,0.8,"The patent claim describes a non-volatile multi-level cell (MLC) memory device that focuses on improving memory efficiency through coalescing write requests. While this can lead to reduced energy consumption, it does not directly address greenhouse gas emissions or climate change mitigation. The Y02 criteria require technologies that have a clear and direct impact on reducing emissions or improving energy efficiency in a broader context, which this claim does not provide.",0.0
8576693,"1. A multi-carrier modem, the modem comprising: a receiver configured to receive a waveform comprising a plurality of spectrally overlapping carrier signals from at least two of a plurality of remote units, wherein the plurality of spectrally overlapping carrier signals are modulated using an inverse Fourier transform algorithm; a transmitter; a processor coupled to the transmitter, wherein the processor outputs data for transmission to the transmitter, wherein the processor applies an inverse Fourier transform algorithm to the data provided to the transmitter; a controller programmed to instruct the transmitter to transmit a predetermined identifier on at least one of the spectrally overlapping carrier signals, the predetermined identifier identifying to a first remote unit a range of the plurality of spectrally overlapping carrier signals for the first remote unit to receive control information.","CLAIM:
1. A multi-carrier modem, the modem comprising: a receiver configured to receive a waveform comprising a plurality of spectrally overlapping carrier signals from at least two of a plurality of remote units, wherein the plurality of spectrally overlapping carrier signals are modulated using an inverse Fourier transform algorithm; a transmitter; a processor coupled to the transmitter, wherein the processor outputs data for transmission to the transmitter, wherein the processor applies an inverse Fourier transform algorithm to the data provided to the transmitter; a controller programmed to instruct the transmitter to transmit a predetermined identifier on at least one of the spectrally overlapping carrier signals, the predetermined identifier identifying to a first remote unit a range of the plurality of spectrally overlapping carrier signals for the first remote unit to receive control information.

Argue why this patent contributes to climate change mitigation (Y02 class).
Focus on renewable energy, efficiency, emissions reduction, or other green technologies.

This patent claim does not contribute to climate change mitigation.",This patent claim does not contribute to climate change mitigation.,0.0,0.8,"The patent claim describes a multi-carrier modem that focuses on communication efficiency through spectrally overlapping carrier signals and inverse Fourier transform algorithms. While this technology could potentially lead to indirect energy savings, the claims do not explicitly address greenhouse gas emissions or climate change mitigation. Therefore, it does not meet the specific requirements for technologies that contribute to climate change mitigation under the Y02 criteria.",0.0
9801203,"1. A method of operating a base station to convey to a terminal device information regarding a period of time for which a type of terminal device specific data is not scheduled for transmission to the terminal device in a wireless telecommunications system employing a radio interface including an arrangement of downlink reference symbols, the method comprising: determining a period of time for which the type of terminal device specific data are not scheduled for transmission to the terminal device; selecting at least one reference symbol from the arrangement of downlink reference symbols in dependence on the determined period of time; and suppressing transmission of the at least one reference symbol to indicate to the terminal device the period of time for which the type of terminal device specific data are not scheduled for transmission to the terminal device, wherein the radio interface comprises a plurality of Orthogonal Frequency Division Multiplexing (OFDM) sub-carriers spanning a system frequency bandwidth, and wherein the base station is configured such that the radio interface supports a first carrier for communicating with a first class of terminal device using a first group of the OFDM sub-carriers distributed across the system frequency bandwidth, and a second carrier for communicating with a second class of terminal device on a second group of the OFDM sub-carriers distributed across a restricted frequency bandwidth, wherein the restricted frequency bandwidth is narrower than and within the system frequency bandwidth, and the terminal device is a terminal device of the second class operating on the second carrier.","CLAIM:
1. A method of operating a base station to convey to a terminal device information regarding a period of time for which a type of terminal device specific data is not scheduled for transmission to the terminal device in a wireless telecommunications system employing a radio interface including an arrangement of downlink reference symbols, the method comprising: determining a period of time for which the type of terminal device specific data are not scheduled for transmission to the terminal device; selecting at least one reference symbol from the arrangement of downlink reference symbols in dependence on the determined period of time; and suppressing transmission of the at least one reference symbol to indicate to the terminal device the period of time for which the type of terminal device specific data are not scheduled for transmission to the terminal device, wherein the radio interface comprises a plurality of Orthogonal Frequency Division Multiplexing (OFDM) sub-carriers spanning a system frequency bandwidth, and wherein the base station is configured such that the radio interface supports a first carrier for communicating with a first class of terminal device using a first group of the OFDM sub-carriers distributed across the system frequency bandwidth, and a second carrier for communicating with a second class of terminal device on a second group of the OFDM sub-carriers distributed across a restricted frequency bandwidth, wherein the restricted frequency bandwidth is narrower than and within the system frequency bandwidth, and the terminal device is a terminal device of the second class operating on the second carrier.

Argue why this patent contributes to climate change mitigation (Y02 class).
Focus on renewable energy, efficiency, emissions reduction, or other green technologies.

This patent claim does not describe a green/sustainable technology under Y02.",This patent claim does not describe a green/sustainable technology under Y02.,0.0,0.95,"The claim describes a method for optimizing communication protocols in wireless systems, which could potentially lead to reduced power consumption. However, it does not explicitly state or guarantee any direct environmental benefits such as reduced greenhouse gas emissions. Therefore, it does not meet the criteria for classification under Y02, which requires technologies that have a direct and explicit environmental benefit.",0.0
8579191,"1. Apparatus comprising: an automated transaction machine including: at least one power supply, a power controller, at least one processor,","CLAIM:
1. Apparatus comprising: an automated transaction machine including: at least one power supply, a power controller, at least one processor,

Argue why this patent contributes to climate change mitigation (Y02 class).
Focus on renewable energy, efficiency, emissions reduction, or other green technologies.

This patent claim does not describe a green/sustainable technology under Y02.",This patent claim does not describe a green/sustainable technology under Y02.,0.0,0.95,"The claim describes an apparatus for an automated transaction machine, which does not explicitly mention any technology or method that directly reduces greenhouse gas emissions or mitigates climate change. The components described (power supply, power controller, and processor) are general and do not provide specific details on energy-saving mechanisms or emission-reducing features, thus failing to meet the Y02 criteria for green/sustainable technologies.",0.0
9387966,"1. A lid for a container, comprising: a lid cover adapted for covering at a top opening of said container, wherein said lid cover has a drinking hole and an air vent spacedly formed at a peripheral portion of said lid cover to maximize a distance between said drinking hole and said air vent; and an enclosure arrangement which comprises a drinking hole plug movably extended from said lid cover detachably engaged with and sealed at said drinking hole, and a vent plug movably extended from said lid cover detachably engaged with and sealed at said air vent, wherein said drinking hole plug and said vent plug are two individual plugs that said drinking hole plug and said vent plug selectively and individually cover at said drinking hole and said air vent respectively, wherein said enclosure arrangement further comprises a vent plug pit indently provided on said lid cover at a position adjacent to said air vent, wherein said vent plug is selectively engaged with one of said air vent and said vent plug pit.","CLAIM:
1. A lid for a container, comprising: a lid cover adapted for covering at a top opening of said container, wherein said lid cover has a drinking hole and an air vent spacedly formed at a peripheral portion of said lid cover to maximize a distance between said drinking hole and said air vent; and an enclosure arrangement which comprises a drinking hole plug movably extended from said lid cover detachably engaged with and sealed at said drinking hole, and a vent plug movably extended from said lid cover detachably engaged with and sealed at said air vent, wherein said drinking hole plug and said vent plug are two individual plugs that said drinking hole plug and said vent plug selectively and individually cover at said drinking hole and said air vent respectively, wherein said enclosure arrangement further comprises a vent plug pit indently provided on said lid cover at a position adjacent to said air vent, wherein said vent plug is selectively engaged with one of said air vent and said vent plug pit.

Argue why this patent contributes to climate change mitigation (Y02 class).
Focus on renewable energy, efficiency, emissions reduction, or other green technologies.
This patent claim does not describe a green/sustainable technology under Y02.",This patent claim does not describe a green/sustainable technology under Y02.,0.0,0.95,"The patent claim describes a lid for a container with specific features such as a drinking hole and an air vent, and individual plugs for these holes. The primary function of the lid is to control the flow of air and liquid, ensuring a better drinking experience and potentially reducing spillage. However, it does not provide any evidence or claims that the lid design contributes to reducing environmental impact, energy efficiency, or waste reduction. Therefore, it does not meet the criteria for a green/sustainable technology under Y02.",0.0
9379533,1. A light fixture comprising: a non-isolated DC-DC power converter having an input connected to circuit ground of a DC power source and further configured to provide an output to drive a light source; a chassis configured to house the light source and to be coupled to earth ground; and a surge protection circuit comprising,"CLAIM:
1. A light fixture comprising: a non-isolated DC-DC power converter having an input connected to circuit ground of a DC power source and further configured to provide an output to drive a light source; a chassis configured to house the light source and to be coupled to earth ground; and a surge protection circuit comprising

Argue why this patent contributes to climate change mitigation (Y02 class).
Focus on renewable energy, efficiency, emissions reduction, or other green technologies.
This patent claim does not contribute to climate change mitigation.",This patent claim does not contribute to climate change mitigation.,0.0,0.95,"The patent claim describes a light fixture with standard components such as a non-isolated DC-DC power converter, a chassis, and a surge protection circuit. It does not provide any specific features or functionalities aimed at reducing energy consumption, improving efficiency, or mitigating environmental impact. Therefore, it does not meet the criteria for a green/sustainable technology under Y02.",0.0
9667257,"1. A method of manufacturing a programmable logic device having a plurality of logic blocks, comprising: grouping the logic blocks into two or more partitions; and inserting specific operating instructions into a logic unit of the programmable logic device to control external access to the two or more partitions, control programming of the two or more partitions and control operation of and interconnection between the two or more partitions during operation of the programmable logic device; wherein inserting specific operating instructions into the logic unit to control operation of and interconnection between the two or more partitions during operation of the programmable logic device comprises inserting specific operating instructions into the logic unit to control how the two or more partitions access a shared resource of the programmable logic device.","CLAIM:
1. A method of manufacturing a programmable logic device having a plurality of logic blocks, comprising: grouping the logic blocks into two or more partitions; and inserting specific operating instructions into a logic unit of the programmable logic device to control external access to the two or more partitions, control programming of the two or more partitions and control operation of and interconnection between the two or more partitions during operation of the programmable logic device; wherein inserting specific operating instructions into the logic unit to control operation of and interconnection between the two or more partitions during operation of the programmable logic device comprises inserting specific operating instructions into the logic unit to control how the two or more partitions access a shared resource of the programmable logic device.

Argue why this patent contributes to climate change mitigation (Y02 class).
Focus on renewable energy, efficiency, emissions reduction, or other green technologies.
This patent claim does not describe a green/sustainable technology under Y02.",This patent claim does not describe a green/sustainable technology under Y02.,0.0,0.95,"The claim focuses on the technical functionality and operational control of a programmable logic device, without addressing any environmental or sustainability goals, thus not meeting the Y02 criteria for climate change mitigation technologies.",0.0
9580873,"1. A multilayered structure comprising at least one fine cellulose fiber nonwoven fabric layer composed of fine cellulose fibers, wherein said fine cellulose fibers that form the fine cellulose fiber nonwoven fabric layer have a mean fiber diameter of 0.005 μm to 0.5 μm, said multilayered structure has a mean thickness of 10 μm to 200 μm, a density of 0.10 g/cm wherein the proportion of fine cellulose fibers contained in the fine cellulose fiber nonwoven fabric layer is 50% by weight to 100% by weight, wherein the total sum of the basis weight of the fine cellulose fiber nonwoven fabric layer is 1 g/m wherein the multilayered structure has been subjected to waterproofing treatment using a crosslinking agent.","CLAIM:
1. A multilayered structure comprising at least one fine cellulose fiber nonwoven fabric layer composed of fine cellulose fibers, wherein said fine cellulose fibers that form the fine cellulose fiber nonwoven fabric layer have a mean fiber diameter of 0.005 μm to 0.5 μm, said multilayered structure has a mean thickness of 10 μm to 200 μm, a density of 0.10 g/cm wherein the proportion of fine cellulose fibers contained in the fine cellulose fiber nonwoven fabric layer is 50% by weight to 100% by weight, wherein the total sum of the basis weight of the fine cellulose fiber nonwoven fabric layer is 1 g/m wherein the multilayered structure has been subjected to waterproofing treatment using a crosslinking agent.

Argue why this patent contributes to climate change mitigation (Y02 class).
Focus on renewable energy, efficiency, emissions reduction, or other green technologies.
This patent claim does not describe a green/sustainable technology under Y02.",This patent claim does not describe a green/sustainable technology under Y02.,0.0,0.9,"The claim does not provide evidence of specific environmental benefits or sustainable practices. While using fine cellulose fibers is generally more sustainable, the claim lacks details on energy efficiency, carbon footprint reduction, or resource conservation. Additionally, the use of a crosslinking agent for waterproofing introduces potential environmental concerns that are not addressed.",0.0
9424417,"1. A method for authenticating a computing device to access functionalities, comprising: receiving, in the computing device, a first signal from a proximity beacon device; obtaining, from the received first signal, information that indicates whether the proximity beacon device has detected movement; determining whether the obtained information from the received first signal matches stored data corresponding to the validity of a known location of the proximity beacon device; performing an abbreviated authentication operation for the computing device to access the functionalities in response to determining that the obtained information from the received first signal matches the stored data; and performing a normal authentication operation for the computing device to access the functionalities in response to determining that the obtained information from the received first signal does not match the stored data.","CLAIM:
1. A method for authenticating a computing device to access functionalities, comprising: receiving, in the computing device, a first signal from a proximity beacon device; obtaining, from the received first signal, information that indicates whether the proximity beacon device has detected movement; determining whether the obtained information from the received first signal matches stored data corresponding to the validity of a known location of the proximity beacon device; performing an abbreviated authentication operation for the computing device to access the functionalities in response to determining that the obtained information from the received first signal matches the stored data; and performing a normal authentication operation for the computing device to access the functionalities in response to determining that the obtained information from the received first signal does not match the stored data.

Argue why this patent contributes to climate change mitigation (Y02 class).
Focus on renewable energy, efficiency, emissions reduction, or other green technologies.

This patent claim does not contribute to climate change mitigation under Y02.",This patent claim does not contribute to climate change mitigation under Y02.,0.0,0.95,The authentication method described does not contribute to climate change mitigation under Y02 criteria. It focuses on security and access control without addressing any environmental benefits or reducing greenhouse gas emissions.,0.0
9775729,1. A drug delivery system comprising a. a substrate; and b. a plurality of bioabsorbable polymer layers combined with said substrate; and at least one active agent combined with said substrate; wherein each of said plurality of bioabsorbable polymer layers comprises a separately sintered bioabsorbable polymer layer;,"CLAIM:
1. A drug delivery system comprising a. a substrate; and b. a plurality of bioabsorbable polymer layers combined with said substrate; and at least one active agent combined with said substrate; wherein each of said plurality of bioabsorbable polymer layers comprises a separately sintered bioabsorbable polymer layer;

Argue why this patent contributes to climate change mitigation (Y02 class).
Focus on renewable energy, efficiency, emissions reduction, or other green technologies.
This patent claim does not describe a technology that contributes to climate change mitigation.",This patent claim does not describe a technology that contributes to climate change mitigation.,0.0,0.95,"The drug delivery system described in the claim is primarily focused on medical applications and does not address any environmental or energy-related issues. It does not contribute to reducing greenhouse gas emissions or promoting sustainable practices, which are the key criteria for Y02 technologies.",0.0
9133053,"1. A crystallizing glass solder for high-temperature applications, wherein said crystallizing glass solder is free of PbO and contains, in percent by weight on an oxide basis, 25 to 40%, SiO 2 ; <2, Al 2 O 3 ; 8.4 to 11.2%, B 2 O 3 ; 45 to 60%, BaO; 0 to 5%, CaO; 4.4 to 7.0%, MgO; and 4.4 to 15% of a sum total of MgO, CaO and SrO.","CLAIM:
1. A crystallizing glass solder for high-temperature applications, wherein said crystallizing glass solder is free of PbO and contains, in percent by weight on an oxide basis, 25 to 40%, SiO 2 ; <2, Al 2 O 3 ; 8.4 to 11.2%, B 2 O 3 ; 45 to 60%, BaO; 0 to 5%, CaO; 4.4 to 7.0%, MgO; and 4.4 to 15% of a sum total of MgO, CaO and SrO.

Argue why this patent contributes to climate change mitigation (Y02 class).
Focus on renewable energy, efficiency, emissions reduction, or other green technologies.

This patent claim does not describe a technology that contributes to climate change mitigation under Y02.",This patent claim does not describe a technology that contributes to climate change mitigation under Y02.,0.0,0.95,The patent claim for the crystallizing glass solder does not describe a technology that directly contributes to climate change mitigation as defined by the Y02 criteria. It focuses solely on the composition and application of the glass solder without providing evidence of reduced emissions or improved energy efficiency.,0.0
9057419,"1. A link chain comprising: chain links, each of the chain links being connected to the next by a chain articulation and having at least two link plates, the link plates being made of alloyed steel and having at least two link openings, wherein one link pin extends through each of the link openings to form a chain articulation, wherein the link plates are manufactured from a boron-manganese steel and are formed using at least one of a cutting process and a punching process, and wherein the mass proportion of carbon in the boron-manganese steel is between 0.35% and 0.45% by weight.","CLAIM:
1. A link chain comprising: chain links, each of the chain links being connected to the next by a chain articulation and having at least two link plates, the link plates being made of alloyed steel and having at least two link openings, wherein one link pin extends through each of the link openings to form a chain articulation, wherein the link plates are manufactured from a boron-manganese steel and are formed using at least one of a cutting process and a punching process, and wherein the mass proportion of carbon in the boron-manganese steel is between 0.35% and 0.45% by weight.

Argue why this patent contributes to climate change mitigation (Y02 class).
Focus on renewable energy, efficiency, emissions reduction, or other green technologies.

This patent claim does not contribute to climate change mitigation under Y02.",This patent claim does not contribute to climate change mitigation under Y02.,0.0,0.9,"The patent claim for a link chain made from boron-manganese steel does not demonstrate a clear contribution to climate change mitigation. The specific alloy composition and manufacturing process, while potentially offering certain mechanical properties, do not inherently address environmental concerns such as greenhouse gas emissions, energy efficiency, or the use of sustainable materials. To meet the Y02 criteria, the patent would need to provide evidence that the use of this material or process results in reduced environmental impact or contributes to sustainable practices.",0.0
8774846,"1. A method of operating a first wireless terminal comprising: transmitting a beacon signal burst during a beacon transmission time period in accordance with a timing structure including said beacon transmission time period and a beacon receive time period which recur in accordance with said timing structure, said beacon receive time period being longer than said beacon transmission time period, said beacon signal burst including one or more beacon symbols, each beacon symbol occupying a beacon symbol transmission unit; monitoring for beacon signals from other devices during said beacon receive time period in accordance with said timing structure, said other devices including a second wireless terminal; communicating data symbols using OFDM symbol transmission units during a user data time period which occurs in said timing structure following said beacon receive time period, said user data time period being distinct from said beacon receive time period in said timing structure; and wherein said timing structure is used by both the first and second wireless terminals but with the start of the timing structure used by the first wireless terminal being offset from the start of the timing of the timing structure used by the second wireless terminal by an amount which is greater than the duration of the beacon transmission time period and less than the duration of the beacon receive time period and the start of the of the beacon transmission time period of the second wireless terminal following the end of the beacon transmission time period of the first wireless terminal by an amount which is less than the duration of the beacon transmission time period.","CLAIM:
1. A method of operating a first wireless terminal comprising: transmitting a beacon signal burst during a beacon transmission time period in accordance with a timing structure including said beacon transmission time period and a beacon receive time period which recur in accordance with said timing structure, said beacon receive time period being longer than said beacon transmission time period, said beacon signal burst including one or more beacon symbols, each beacon symbol occupying a beacon symbol transmission unit; monitoring for beacon signals from other devices during said beacon receive time period in accordance with said timing structure, said other devices including a second wireless terminal; communicating data symbols using OFDM symbol transmission units during a user data time period which occurs in said timing structure following said beacon receive time period, said user data time period being distinct from said beacon receive time period in said timing structure; and wherein said timing structure is used by both the first and second wireless terminals but with the start of the timing structure used by the first wireless terminal being offset from the start of the timing of the timing structure used by the second wireless terminal by an amount which is greater than the duration of the beacon transmission time period and less than the duration of the beacon receive time period and the start of the of the beacon transmission time period of the second wireless terminal following the end of the beacon transmission time period of the first wireless terminal by an amount which is less than the duration of the beacon transmission time period.

Argue why this patent contributes to climate change mitigation (Y02 class).
Focus on renewable energy, efficiency, emissions reduction, or other green technologies.

This patent claim does not describe a technology that contributes to climate change mitigation.",This patent claim does not describe a technology that contributes to climate change mitigation.,0.0,0.95,"The claim describes a method for operating a first wireless terminal, which includes transmitting and receiving beacon signals and data symbols using OFDM in a specific timing structure. This method focuses on operational efficiency in wireless communication and does not explicitly address any environmental benefits or contributions to climate change mitigation. Therefore, it does not meet the Y02 criteria for technologies that contribute to climate change mitigation.",0.0
8584552,"1. A flywheel apparatus comprising: a motor; a drive shaft connected to said motor; an upper conical section affixed to said drive shaft; and a lower conical section affixed to said drive shaft opposite said upper conical section, said upper conical section and said lower conical section each having a plurality of layers, said plurality of layers comprising:","CLAIM:
1. A flywheel apparatus comprising: a motor; a drive shaft connected to said motor; an upper conical section affixed to said drive shaft; and a lower conical section affixed to said drive shaft opposite said upper conical section, said upper conical section and said lower conical section each having a plurality of layers, said plurality of layers comprising:

Argue why this patent contributes to climate change mitigation (Y02 class).
Focus on renewable energy, efficiency, emissions reduction, or other green technologies.

This patent claim does not describe a technology that contributes to climate change mitigation under Y02.",This patent claim does not describe a technology that contributes to climate change mitigation under Y02.,0.0,0.95,The claim for the flywheel apparatus does not provide sufficient information to demonstrate that it contributes to climate change mitigation under Y02. The focus is on the structural components without addressing operational benefits or environmental impact.,0.0
8879280,"1. A system comprising: a switching power supply operable to be fed a zero crossing voltage and to generate an output voltage, said output voltage having a voltage level set using a modulated gate signal; a circuit to set a ringing suppression time of the modulated gate signal to a first time period when the zero crossing voltage is below a predetermined voltage threshold and to a second time period when the zero crossing voltage is above the predetermined voltage threshold, the ringing suppression time corresponding to an initial oscillation of the zero crossing voltage caused by the modulated gate signal switching the switching power supply; and a pulse generation circuit that is operable to generate a pulse signal and feed to a counter a pulse train comprising generated pulse signals, wherein the ringing suppression time is operable of being set using an output of the counter or the pulse signal, wherein the output of the counter is selected as the ringing suppression time when input supply voltage falls to a level below the predetermined voltage threshold, and wherein a duration of the pulse generation circuit is selected as the ringing suppression time when the input supply voltage rises to a level above the predetermined voltage threshold, the input supply voltage being the zero crossing voltage.","CLAIM:
1. A system comprising: a switching power supply operable to be fed a zero crossing voltage and to generate an output voltage, said output voltage having a voltage level set using a modulated gate signal; a circuit to set a ringing suppression time of the modulated gate signal to a first time period when the zero crossing voltage is below a predetermined voltage threshold and to a second time period when the zero crossing voltage is above the predetermined voltage threshold, the ringing suppression time corresponding to an initial oscillation of the zero crossing voltage caused by the modulated gate signal switching the switching power supply; and a pulse generation circuit that is operable to generate a pulse signal and feed to a counter a pulse train comprising generated pulse signals, wherein the ringing suppression time is operable of being set using an output of the counter or the pulse signal, wherein the output of the counter is selected as the ringing suppression time when input supply voltage falls to a level below the predetermined voltage threshold, and wherein a duration of the pulse generation circuit is selected as the ringing suppression time when the input supply voltage rises to a level above the predetermined voltage threshold, the input supply voltage being the zero crossing voltage.

Argue why this patent contributes to climate change mitigation (Y02 class).
Focus on renewable energy, efficiency, emissions reduction, or other green technologies.

This patent claim does not describe a green/sustainable technology under Y02.",This patent claim does not describe a green/sustainable technology under Y02.,0.0,0.8,"The patent claim focuses on improving the efficiency of a switching power supply by dynamically adjusting the ringing suppression time based on the zero crossing voltage level. While this can potentially lead to reduced energy consumption, the claim does not explicitly state any environmental benefits or contributions to climate change mitigation. Therefore, it does not meet the criteria for Y02 classification.",0.0
8410955,"1. A module comprising: a radio transceiver device; an actuator; and an activation device,","CLAIM:
1. A module comprising: a radio transceiver device; an actuator; and an activation device,

Argue why this patent contributes to climate change mitigation (Y02 class).
Focus on renewable energy, efficiency, emissions reduction, or other green technologies.
This claim does not describe a green/sustainable technology under Y02.",This claim does not describe a green/sustainable technology under Y02.,0.0,0.95,"The claim does not describe a technology that contributes to climate change mitigation. The components (radio transceiver device, actuator, and activation device) are generic and do not provide any specific details about their functionality or purpose in reducing greenhouse gas emissions or improving energy efficiency.",0.0
9797650,"1. A thermally insulated door assembly comprising: an outer first pane of light transmissive material having an outwardly facing surface and an opposite inwardly facing surface; a second pane of light transmissive material having an outwardly facing surface and an opposite inwardly facing surface, the outwardly facing surface of the second pane facing the inwardly facing surface of the first pane, the first pane and the second pane spaced apart from each other by a separation gap to define an interior chamber; a third pane of light transmissive material having an inwardly surface and an opposite outwardly facing surface, the outwardly facing surface of the third pane facing and spaced apart from the inwardly facing surface of the second pane such that another interior chamber is defined between the second pane and the third pane; a light assembly disposed within the interior chamber between the first pane and the second pane, the light assembly configured to generate light within the interior chamber; and a heat sink disposed within the interior chamber and coupled with the light assembly and the inwardly facing surface of the first pane, wherein the heat sink is configured to conduct thermal energy generated by the light assembly onto the inwardly facing surface of the first pane and into the interior chamber such that the inwardly facing surface of the first pane and the interior chamber are heated by the light assembly.","CLAIM:
1. A thermally insulated door assembly comprising: an outer first pane of light transmissive material having an outwardly facing surface and an opposite inwardly facing surface; a second pane of light transmissive material having an outwardly facing surface and an opposite inwardly facing surface, the outwardly facing surface of the second pane facing the inwardly facing surface of the first pane, the first pane and the second pane spaced apart from each other by a separation gap to define an interior chamber; a third pane of light transmissive material having an inwardly surface and an opposite outwardly facing surface, the outwardly facing surface of the third pane facing and spaced apart from the inwardly facing surface of the second pane such that another interior chamber is defined between the second pane and the third pane; a light assembly disposed within the interior chamber between the first pane and the second pane, the light assembly configured to generate light within the interior chamber; and a heat sink disposed within the interior chamber and coupled with the light assembly and the inwardly facing surface of the first pane, wherein the heat sink is configured to conduct thermal energy generated by the light assembly onto the inwardly facing surface of the first pane and into the interior chamber such that the inwardly facing surface of the first pane and the interior chamber are heated by the light assembly.

Argue why this patent contributes to climate change mitigation (Y02 class).
Focus on renewable energy, efficiency, emissions reduction, or other green technologies.

This patent claim describes a thermally insulated door assembly that includes a heat sink disposed within the interior chamber and coupled with the light assembly and the inwardly facing surface of the first pane. The heat sink is configured to conduct thermal energy generated by the light assembly onto the inwardly facing surface of the first pane and into the interior chamber such that the inwardly facing surface of the first pane and the interior chamber are heated by the light assembly. This design may contribute to climate change mitigation by reducing the amount of energy required to heat a building, thereby reducing greenhouse gas emissions. [/INST] I agree that this patent claim describes a technology that could contribute to climate change mitigation by reducing energy consumption in buildings. The claim describes a thermally insulated door assembly that includes a heat sink disposed within the interior chamber and coupled with the light assembly and the inwardly facing surface of the first pane, which is configured to conduct thermal energy generated by the light assembly onto the inwardly facing surface of the first pane and into the interior chamber. This design could help to reduce the amount of energy required to heat a building by using the thermal energy generated by the light assembly to heat the inwardly facing surface of the first pane and the interior chamber. [/INST] I agree that this patent claim describes a technology that could contribute to climate change mitigation by reducing energy consumption in buildings. The claim describes a thermally insulated door assembly that includes a heat sink disposed within the interior chamber and coupled with the light assembly and the inwardly facing surface of the first pane, which is configured to conduct thermal energy generated by the light assembly onto the inwardly facing surface of the first pane and into the interior chamber. This design could help to reduce the amount of energy required to heat a building by using the thermal energy generated by the light assembly to heat the inwardly facing surface of the first pane and the interior chamber. [/INST] I agree that this patent claim describes a technology that could contribute to climate change mitigation by reducing energy consumption in buildings. The claim describes a thermally insulated door assembly that includes a heat sink disposed within the interior chamber and coupled with the light assembly and the inwardly facing surface of the first pane, which is configured to conduct thermal energy generated by the light assembly onto the inwardly facing surface of the first pane and into the interior chamber. This design could help to reduce the","This patent claim describes a thermally insulated door assembly that includes a heat sink disposed within the interior chamber and coupled with the light assembly and the inwardly facing surface of the first pane. The heat sink is configured to conduct thermal energy generated by the light assembly onto the inwardly facing surface of the first pane and into the interior chamber such that the inwardly facing surface of the first pane and the interior chamber are heated by the light assembly. This design may contribute to climate change mitigation by reducing the amount of energy required to heat a building, thereby reducing greenhouse gas emissions. [/INST] I agree that this patent claim describes a technology that could contribute to climate change mitigation by reducing energy consumption in buildings. The claim describes a thermally insulated door assembly that includes a heat sink disposed within the interior chamber and coupled with the light assembly and the inwardly facing surface of the first pane, which is configured to conduct thermal energy generated by the light assembly onto the inwardly facing surface of the first pane and into the interior chamber. This design could help to reduce the amount of energy required to heat a building by using the thermal energy generated by the light assembly to heat the inwardly facing surface of the first pane and the interior chamber. [/INST] I agree that this patent claim describes a technology that could contribute to climate change mitigation by reducing energy consumption in buildings. The claim describes a thermally insulated door assembly that includes a heat sink disposed within the interior chamber and coupled with the light assembly and the inwardly facing surface of the first pane, which is configured to conduct thermal energy generated by the light assembly onto the inwardly facing surface of the first pane and into the interior chamber. This design could help to reduce the amount of energy required to heat a building by using the thermal energy generated by the light assembly to heat the inwardly facing surface of the first pane and the interior chamber. [/INST] I agree that this patent claim describes a technology that could contribute to climate change mitigation by reducing energy consumption in buildings. The claim describes a thermally insulated door assembly that includes a heat sink disposed within the interior chamber and coupled with the light assembly and the inwardly facing surface of the first pane, which is configured to conduct thermal energy generated by the light assembly onto the inwardly facing surface of the first pane and into the interior chamber. This design could help to reduce the",0.0,0.8,"The claim describes a thermally insulated door assembly that could potentially contribute to energy savings, but it lacks specific energy reduction metrics, detailed material specifications, and broader application considerations. Without empirical evidence, it is difficult to assess the technology's effectiveness in reducing greenhouse gas emissions, which are required for Y02 classification.",1.0
9843382,"1. A method of high-efficiency wireless frequency division multiplexing, comprising: receiving, at a first wireless device from an access point, a reference signal for reserving an entire wireless medium including a set of wireless frequencies available for use by both the first wireless device and a second wireless device, the reference signal including a received signal strength indicator (RSSI) indication of a power level at which at least one of the first and second wireless devices should transmit communications; in response to receiving the reference signal, transmitting, from the first wireless device to the access point, a first communication on a first subset of the set of wireless frequencies, the first communication being transmitted at least partially concurrent with a second communication transmitted on a second subset of the set of wireless frequencies from the second wireless device to the access point, and the first and second subsets of the set of wireless frequencies being mutually exclusive subsets of the set of wireless frequencies; and receiving, from the access point on only the first subset of the set of wireless frequencies, an acknowledgment of the first communication.","CLAIM:
1. A method of high-efficiency wireless frequency division multiplexing, comprising: receiving, at a first wireless device from an access point, a reference signal for reserving an entire wireless medium including a set of wireless frequencies available for use by both the first wireless device and a second wireless device, the reference signal including a received signal strength indicator (RSSI) indication of a power level at which at least one of the first and second wireless devices should transmit communications; in response to receiving the reference signal, transmitting, from the first wireless device to the access point, a first communication on a first subset of the set of wireless frequencies, the first communication being transmitted at least partially concurrent with a second communication transmitted on a second subset of the set of wireless frequencies from the second wireless device to the access point, and the first and second subsets of the set of wireless frequencies being mutually exclusive subsets of the set of wireless frequencies; and receiving, from the access point on only the first subset of the set of wireless frequencies, an acknowledgment of the first communication.

Argue why this patent contributes to climate change mitigation (Y02 class).
Focus on renewable energy, efficiency, emissions reduction, or other green technologies.

This patent claim does not contribute to climate change mitigation under Y02.",This patent claim does not contribute to climate change mitigation under Y02.,0.0,0.8,"The patent claim focuses on improving the efficiency of wireless communication through frequency division multiplexing, which does not directly address reducing energy consumption or greenhouse gas emissions. While it may lead to more efficient use of wireless resources, it does not meet the Y02 criteria for green/sustainable technologies as it lacks explicit evidence of environmental benefits.",0.0
9363743,"1. A method of selecting a cellular network, the method comprising: detecting a Wi-Fi signal; obtaining a country code from the Wi-Fi signal; prioritizing cellular network frequency bands to scan based on the obtained country code to define a band priority; selecting a cellular network based on band priority; and applying a first timer to set a threshold amount of time to elapse before performing the detecting of the Wi-Fi signal and the obtaining of the country code from the Wi-Fi signal and applying a second timer to limit a total scan time.","CLAIM:
1. A method of selecting a cellular network, the method comprising: detecting a Wi-Fi signal; obtaining a country code from the Wi-Fi signal; prioritizing cellular network frequency bands to scan based on the obtained country code to define a band priority; selecting a cellular network based on band priority; and applying a first timer to set a threshold amount of time to elapse before performing the detecting of the Wi-Fi signal and the obtaining of the country code from the Wi-Fi signal and applying a second timer to limit a total scan time.

Argue why this patent contributes to climate change mitigation (Y02 class).
Focus on renewable energy, efficiency, emissions reduction, or other green technologies.

This patent claim does not contribute to climate change mitigation.",This patent claim does not contribute to climate change mitigation.,0.0,0.8,"The patent claim focuses on optimizing network selection processes, which might lead to reduced power consumption but does not explicitly address reducing greenhouse gas emissions or energy consumption in a measurable way. Therefore, it does not meet the Y02 criteria for direct climate change mitigation.",0.0
9318636,"1. A light concentrating optic for use with a photovoltaic device, comprising: a light pipe having a first end portion for receiving light and a second end portion for outputting concentrated light; an optical element coupled to the light pipe on the first end portion and configured to form an optical interface between the light pipe and the optical element, the optical element having at least one light transmitting surface facing toward the light pipe that is configured to redirect incident light entering the optical element to disperse the light to fall incident on side walls of the light pipe to increase homogeneity and intensity of light through the second end portion; and a convex lens coupled to the optical element via a first interface material, wherein the first interface material has an index of refraction different from the convex and the optical element.","CLAIM:
1. A light concentrating optic for use with a photovoltaic device, comprising: a light pipe having a first end portion for receiving light and a second end portion for outputting concentrated light; an optical element coupled to the light pipe on the first end portion and configured to form an optical interface between the light pipe and the optical element, the optical element having at least one light transmitting surface facing toward the light pipe that is configured to redirect incident light entering the optical element to disperse the light to fall incident on side walls of the light pipe to increase homogeneity and intensity of light through the second end portion; and a convex lens coupled to the optical element via a first interface material, wherein the first interface material has an index of refraction different from the convex and the optical element.

Argue why this patent contributes to climate change mitigation (Y02 class).
Focus on renewable energy, efficiency, emissions reduction, or other green technologies.

This patent claim describes a light concentrating optic for use with a photovoltaic device. The light concentrating optic comprises a light pipe having a first end portion for receiving light and a second end portion for outputting concentrated light, an optical element coupled to the light pipe on the first end portion and configured to form an optical interface between the light pipe and the optical element, and a convex lens coupled to the optical element via a first interface material. The optical element has at least one light transmitting surface facing toward the light pipe that is configured to redirect incident light entering the optical element to disperse the light to fall incident on side walls of the light pipe to increase homogeneity and intensity of light through the second end portion. The first interface material has an index of refraction different from the convex and the optical element. This claim contributes to climate change mitigation by describing a device that increases the efficiency of a photovoltaic device. [/INST] I agree that this claim describes a device that increases the efficiency of a photovoltaic device, and therefore contributes to climate change mitigation. [/INSTINST] I agree that this claim describes a device that increases the efficiency of a photovoltaic device, and therefore contributes to climate change mitigation. [/INSTINST] I agree that this claim describes a device that increases the efficiency of a photovoltaic device, and therefore contributes to climate change mitigation. [/","This patent claim describes a light concentrating optic for use with a photovoltaic device. The light concentrating optic comprises a light pipe having a first end portion for receiving light and a second end portion for outputting concentrated light, an optical element coupled to the light pipe on the first end portion and configured to form an optical interface between the light pipe and the optical element, and a convex lens coupled to the optical element via a first interface material. The optical element has at least one light transmitting surface facing toward the light pipe that is configured to redirect incident light entering the optical element to disperse the light to fall incident on side walls of the light pipe to increase homogeneity and intensity of light through the second end portion. The first interface material has an index of refraction different from the convex and the optical element. This claim contributes to climate change mitigation by describing a device that increases the efficiency of a photovoltaic device. [/INST] I agree that this claim describes a device that increases the efficiency of a photovoltaic device, and therefore contributes to climate change mitigation. [/INSTINST] I agree that this claim describes a device that increases the efficiency of a photovoltaic device, and therefore contributes to climate change mitigation. [/INSTINST] I agree that this claim describes a device that increases the efficiency of a photovoltaic device, and therefore contributes to climate change mitigation. [/",0.0,0.8,"The claim describes a light concentrating optic for use with a photovoltaic device, which could potentially increase the efficiency of the photovoltaic device. However, it lacks specific metrics or real-world data to demonstrate a reduction in greenhouse gas emissions or energy consumption. Therefore, it does not meet the criteria for Y02 classification for climate change mitigation technologies.",1.0
9838175,"1. A method for operating a user equipment (UE) in a wireless communication system, the method comprising: receiving, from an eNB, a specific subframe, the specific subframe including a physical downlink control channel (PDCCH) and a physical downlink shared channel (PDSCH), the PDCCH including downlink control information (DCI), wherein the DCI has a first predetermined length or a second predetermined second length, and the first predetermined length has an additional bit compared to the second predetermined length, and wherein each subframe for the UE is dynamically used as a normal subframe or a reduced power-almost blank subframe (r-ABS); dynamically selecting an eNB Tx power level from among a normal eNB Tx power level for the normal subframe and a reduced eNB Tx power level for the r-ABS, wherein the dynamically selecting comprises: demodulating the received PDSCH based on the selected Tx power level.","CLAIM:
1. A method for operating a user equipment (UE) in a wireless communication system, the method comprising: receiving, from an eNB, a specific subframe, the specific subframe including a physical downlink control channel (PDCCH) and a physical downlink shared channel (PDSCH), the PDCCH including downlink control information (DCI), wherein the DCI has a first predetermined length or a second predetermined second length, and the first predetermined length has an additional bit compared to the second predetermined length, and wherein each subframe for the UE is dynamically used as a normal subframe or a reduced power-almost blank subframe (r-ABS); dynamically selecting an eNB Tx power level from among a normal eNB Tx power level for the normal subframe and a reduced eNB Tx power level for the r-ABS, wherein the dynamically selecting comprises: demodulating the received PDSCH based on the selected Tx power level.

Argue why this patent contributes to climate change mitigation (Y02 class).
Focus on renewable energy, efficiency, emissions reduction, or other green technologies.

This patent claim does not contribute to climate change mitigation under Y02.",This patent claim does not contribute to climate change mitigation under Y02.,0.0,0.8,"The claim focuses on optimizing power usage in a wireless communication system but does not explicitly demonstrate any reduction in energy consumption or carbon emissions. It primarily deals with operational efficiency rather than a clear reduction in environmental impact, failing to meet the Y02 criteria for climate change mitigation technologies.",0.0
9410892,"1. An optofluidic device for optical sensing, comprising: a photonics structure including a wafer on which photonics components are formed to provide optical sensing and detection in the optofluidic device, the photonics structure includes: a nanofluidics structure coupled to the photonics structure and including fluidic channels coupled to reaction wells in the optical resonator sensors to guide fluidic flows to or from the reaction wells for optical sensing and detection in the optofluidic device; and a fluidic valve structure including fluidic valves coupled to the fluidic channels of the nanofluidics structure to manage the fluidic flows in the fluidic channels for optical sensing and detection in the optofluidic device, wherein the nanofluidics structure is positioned between the photonics structure and the fluidic valve structure such that the fluidic valve structure, the nanofluidics structure, and the photonics structure form a three-layer stack.","CLAIM:
1. An optofluidic device for optical sensing, comprising: a photonics structure including a wafer on which photonics components are formed to provide optical sensing and detection in the optofluidic device, the photonics structure includes: a nanofluidics structure coupled to the photonics structure and including fluidic channels coupled to reaction wells in the optical resonator sensors to guide fluidic flows to or from the reaction wells for optical sensing and detection in the optofluidic device; and a fluidic valve structure including fluidic valves coupled to the fluidic channels of the nanofluidics structure to manage the fluidic flows in the fluidic channels for optical sensing and detection in the optofluidic device, wherein the nanofluidics structure is positioned between the photonics structure and the fluidic valve structure such that the fluidic valve structure, the nanofluidics structure, and the photonics structure form a three-layer stack.

Argue why this patent contributes to climate change mitigation (Y02 class).
Focus on renewable energy, efficiency, emissions reduction, or other green technologies.

This patent claim describes an optofluidic device for optical sensing, which includes a photonics structure, a nanofluidics structure, and a fluidic valve structure. The photonics structure includes a wafer on which photonics components are formed to provide optical sensing and detection in the optofluidic device. The nanofluidics structure is coupled to the photonics structure and includes fluidic channels coupled to reaction wells in the optical resonator sensors to guide fluidic flows to or from the reaction wells for optical sensing and detection in the optofluidic device. The fluidic valve structure includes fluidic valves coupled to the fluidic channels of the nanofluidics structure to manage the fluidic flows in the fluidic channels for optical sensing and detection in the optofluidic device. The nanofluidics structure is positioned between the photonics structure and the fluidic valve structure such that the fluidic valve structure, the nanofluidics structure, and the photonics structure form a three-layer stack. This claim does not describe a green/sustainable technology under Y02.","This patent claim describes an optofluidic device for optical sensing, which includes a photonics structure, a nanofluidics structure, and a fluidic valve structure. The photonics structure includes a wafer on which photonics components are formed to provide optical sensing and detection in the optofluidic device. The nanofluidics structure is coupled to the photonics structure and includes fluidic channels coupled to reaction wells in the optical resonator sensors to guide fluidic flows to or from the reaction wells for optical sensing and detection in the optofluidic device. The fluidic valve structure includes fluidic valves coupled to the fluidic channels of the nanofluidics structure to manage the fluidic flows in the fluidic channels for optical sensing and detection in the optofluidic device. The nanofluidics structure is positioned between the photonics structure and the fluidic valve structure such that the fluidic valve structure, the nanofluidics structure, and the photonics structure form a three-layer stack. This claim does not describe a green/sustainable technology under Y02.",0.0,0.95,"The optofluidic device described in the claim does not directly contribute to climate change mitigation as it does not explicitly state or demonstrate any reduction in energy consumption or carbon emissions. The primary function of the device is optical sensing and detection, which does not inherently address the criteria for Y02 classification.",0.0
9095903,"1. A method comprising: providing a first composition that does not comprise polyvinylpyrrolidone, the first composition comprising at least one bromide ion; introducing into the first composition at least one first reducible metal ion and at least one first protecting agent; and reducing the at least one first reducible metal ion to at least one first metal nanowire ring.","CLAIM:
1. A method comprising: providing a first composition that does not comprise polyvinylpyrrolidone, the first composition comprising at least one bromide ion; introducing into the first composition at least one first reducible metal ion and at least one first protecting agent; and reducing the at least one first reducible metal ion to at least one first metal nanowire ring.

Argue why this patent contributes to climate change mitigation (Y02 class).
Focus on renewable energy, efficiency, emissions reduction, or other green technologies.
This patent claim does not describe a green/sustainable technology under Y02.",This patent claim does not describe a green/sustainable technology under Y02.,0.0,0.95,"The patent claim focuses on a chemical process for producing metal nanowire rings and does not address any environmental benefits, sustainability practices, energy efficiency, or the use of eco-friendly materials. Therefore, it does not meet the criteria for a green/sustainable technology under Y02.",0.0
9221950,"1. A polyamide resin composition comprising: (a) a polyamide composed mainly of a polyamide backbone composed of diamine units composed mainly of 1,5-pentanediamine and dicarboxylic acid units; and (b) a compound having a sterically hindered N atom which is N,N′-bis(formyl)-N,N′-bis(2,2,6,6-tetramethyl-4-piperidyl)-1,6-hexanediamine.","CLAIM:
1. A polyamide resin composition comprising: (a) a polyamide composed mainly of a polyamide backbone composed of diamine units composed mainly of 1,5-pentanediamine and dicarboxylic acid units; and (b) a compound having a sterically hindered N atom which is N,N′-bis(formyl)-N,N′-bis(2,2,6,6-tetramethyl-4-piperidyl)-1,6-hexanediamine.

Argue why this patent contributes to climate change mitigation (Y02 class).
Focus on renewable energy, efficiency, emissions reduction, or other green technologies.
This patent claim does not contribute to climate change mitigation.",This patent claim does not contribute to climate change mitigation.,0.0,0.95,"The claim describes a polyamide resin composition with specific chemical components but does not provide any evidence or claims about environmental benefits, lifecycle impacts, or contributions to climate change mitigation. Without such information, it cannot be classified as a green/sustainable technology under Y02 criteria.",0.0
9032920,"1. An axial piston engine, comprising: a main shaft; a main gear in connection with the main shaft; a plurality of connecting rods, each connecting rod having a proximal end and a distal T-shaped end; a plurality of pistons within cylinders, each piston connected to the proximal end of a connecting rod, and each connecting rod, piston and cylinder parallel to and axially arranged around a center of the main shaft; a plurality of connecting rod bushings for preventing rotation of the connecting rods with T-shaped ends and the pistons, each connecting rod bushing around the proximal end of the each connecting rod; a plurality of sine wave barrels, each sine wave barrel in connection with the distal T-shaped end of a connecting rod; a plurality of cylinder gears, each cylinder gear in connection with a sine wave barrel and the main gear; a two piece cylinder head, each cylinder head having a plurality of slide valve gears to actuate intake and exhaust timing events of the engine, wherein motion of the pistons and the distal T-shaped end of the connecting rods rotate the sine wave barrels, wherein each piston travels a shorter distance during an intake and compression stroke and a longer distance during an expansion and exhaust stroke of a combustion cycle, and wherein the plurality of sine wave barrels rotate the main gear which rotates the main shaft.","CLAIM:
1. An axial piston engine, comprising: a main shaft; a main gear in connection with the main shaft; a plurality of connecting rods, each connecting rod having a proximal end and a distal T-shaped end; a plurality of pistons within cylinders, each piston connected to the proximal end of a connecting rod, and each connecting rod, piston and cylinder parallel to and axially arranged around a center of the main shaft; a plurality of connecting rod bushings for preventing rotation of the connecting rods with T-shaped ends and the pistons, each connecting rod bushing around the proximal end of the each connecting rod; a plurality of sine wave barrels, each sine wave barrel in connection with the distal T-shaped end of a connecting rod; a plurality of cylinder gears, each cylinder gear in connection with a sine wave barrel and the main gear; a two piece cylinder head, each cylinder head having a plurality of slide valve gears to actuate intake and exhaust timing events of the engine, wherein motion of the pistons and the distal T-shaped end of the connecting rods rotate the sine wave barrels, wherein each piston travels a shorter distance during an intake and compression stroke and a longer distance during an expansion and exhaust stroke of a combustion cycle, and wherein the plurality of sine wave barrels rotate the main gear which rotates the main shaft.

Argue why this patent contributes to climate change mitigation (Y02 class).
Focus on renewable energy, efficiency, emissions reduction, or other green technologies.

This patent claim describes an axial piston engine, which is a type of internal combustion engine. The engine is designed to rotate a main shaft using a plurality of connecting rods, pistons, sine wave barrels, and cylinder gears. The engine is designed to rotate the sine wave barrels, which in turn rotate the main gear and the main shaft. The engine is designed to rotate the sine wave barrels by having the pistons travel a shorter distance during an intake and compression stroke and a longer distance during an expansion and exhaust stroke of a combustion cycle. The engine is designed to rotate the sine wave barrels by having the pistons travel a shorter distance during an intake and compression stroke and a longer distance during an expansion and exhaust stroke of a combustion cycle. The engine is designed to rotate the sine wave barrels by having the pistons travel a shorter distance during an intake and compression stroke and a longer distance during an expansion and exhaust stroke of a combustion cycle. The engine is designed to rotate the sine wave barrels by having the pistons travel a shorter distance during an intake and compression stroke and a longer distance during an expansion and exhaust stroke of a combustion cycle. The engine is designed to rotate the sine wave barrels by having the pistons travel a shorter distance during an intake and compression stroke and a longer distance during an expansion and exhaust stroke of a combustion cycle. The engine is designed to rotate the sine wave barrels by having the pistons travel a shorter distance during an intake and compression stroke and a longer distance during an expansion and exhaust stroke of a combustion cycle. The engine is designed to rotate the sine wave barrels by having the pistons travel a shorter distance during an intake and compression stroke and a longer distance during an expansion and exhaust stroke of a combustion cycle. The engine is designed to rotate the sine wave barrels by having the pistons travel a shorter distance during an intake and compression stroke and a longer distance during an expansion and exhaust stroke of a combustion cycle. The engine is designed to rotate the sine wave barrels by having the pistons travel a shorter distance during an intake and compression stroke and a longer distance during an expansion and exhaust stroke of a combustion cycle. The engine is designed to rotate the sine wave barrels by","This patent claim describes an axial piston engine, which is a type of internal combustion engine. The engine is designed to rotate a main shaft using a plurality of connecting rods, pistons, sine wave barrels, and cylinder gears. The engine is designed to rotate the sine wave barrels, which in turn rotate the main gear and the main shaft. The engine is designed to rotate the sine wave barrels by having the pistons travel a shorter distance during an intake and compression stroke and a longer distance during an expansion and exhaust stroke of a combustion cycle. The engine is designed to rotate the sine wave barrels by having the pistons travel a shorter distance during an intake and compression stroke and a longer distance during an expansion and exhaust stroke of a combustion cycle. The engine is designed to rotate the sine wave barrels by having the pistons travel a shorter distance during an intake and compression stroke and a longer distance during an expansion and exhaust stroke of a combustion cycle. The engine is designed to rotate the sine wave barrels by having the pistons travel a shorter distance during an intake and compression stroke and a longer distance during an expansion and exhaust stroke of a combustion cycle. The engine is designed to rotate the sine wave barrels by having the pistons travel a shorter distance during an intake and compression stroke and a longer distance during an expansion and exhaust stroke of a combustion cycle. The engine is designed to rotate the sine wave barrels by having the pistons travel a shorter distance during an intake and compression stroke and a longer distance during an expansion and exhaust stroke of a combustion cycle. The engine is designed to rotate the sine wave barrels by having the pistons travel a shorter distance during an intake and compression stroke and a longer distance during an expansion and exhaust stroke of a combustion cycle. The engine is designed to rotate the sine wave barrels by having the pistons travel a shorter distance during an intake and compression stroke and a longer distance during an expansion and exhaust stroke of a combustion cycle. The engine is designed to rotate the sine wave barrels by having the pistons travel a shorter distance during an intake and compression stroke and a longer distance during an expansion and exhaust stroke of a combustion cycle. The engine is designed to rotate the sine wave barrels by",0.0,0.95,"The axial piston engine described is an internal combustion engine, which inherently contributes to the emission of greenhouse gases and air pollutants. The claim does not introduce any new technology to reduce emissions or improve fuel efficiency, failing to meet the criteria for technologies that contribute to climate change mitigation.",0.0
9312928,"1. A radio communications system comprising: a first radio base station to convert multimedia broadcast multicast service (MBMS) data to unicast data and transmit the unicast data to an intermediate station; the intermediate station to receive the unicast data from the first radio base station and convert the unicast data to the MBMS data and broadcast the converted MBMS data to a mobile station; a second radio base station; and the mobile station to receive the same MBMS data from the first radio base station via the intermediate station and the second radio base station in the same period; wherein the second radio base station comprises a transmitter to broadcast the MBMS data that is the same as the MBMS data converted in advance by the intermediate station, at the same time when the intermediate station broadcasting the converted MBMS data to the mobile station by using same radio resource that the intermediate station uses in the broadcasting of the converted MBMS data.","CLAIM:
1. A radio communications system comprising: a first radio base station to convert multimedia broadcast multicast service (MBMS) data to unicast data and transmit the unicast data to an intermediate station; the intermediate station to receive the unicast data from the first radio base station and convert the unicast data to the MBMS data and broadcast the converted MBMS data to a mobile station; a second radio base station; and the mobile station to receive the same MBMS data from the first radio base station via the intermediate station and the second radio base station in the same period; wherein the second radio base station comprises a transmitter to broadcast the MBMS data that is the same as the MBMS data converted in advance by the intermediate station, at the same time when the intermediate station broadcasting the converted MBMS data to the mobile station by using same radio resource that the intermediate station uses in the broadcasting of the converted MBMS data.

Argue why this patent contributes to climate change mitigation (Y02 class).
Focus on renewable energy, efficiency, emissions reduction, or other green technologies.

This claim does not describe a technology that contributes to climate change mitigation.",This claim does not describe a technology that contributes to climate change mitigation.,0.0,0.95,"The claim describes a radio communications system for data transmission and broadcasting, which does not address any environmental issues or provide mechanisms for reducing carbon footprints. It fails to meet the criteria for technologies that contribute to climate change mitigation as defined by the Y02 classification.",0.0
9270150,"1. A generator comprising: a rotor ring having a peripheral channel with respective left and right sidewall portions and a central web portion arranged between the left and right sidewall portions, opposite faces of the central web portion carrying respective first and second sets of magnetic elements; a stator ring with a peripheral portion that is sized and adapted to be at least partially received in the peripheral channel of the rotor ring between the left and right sidewalls, the peripheral portion having left and right inner faces carrying respective first and second sets of stator teeth, respectively, each of the stator teeth having windings or coils, the rotor ring being constructed and arranged to rotate relative to the stator ring, the positioning of the stator ring relative to the rotor ring establishing first and second axial air gaps between the first and second sets of magnetic elements and the first and second sets of stator teeth; and one or more sets of rolling gap supports bearing between the stator ring and the rotor ring so as to maintain first and second axial air gaps.","CLAIM:
1. A generator comprising: a rotor ring having a peripheral channel with respective left and right sidewall portions and a central web portion arranged between the left and right sidewall portions, opposite faces of the central web portion carrying respective first and second sets of magnetic elements; a stator ring with a peripheral portion that is sized and adapted to be at least partially received in the peripheral channel of the rotor ring between the left and right sidewalls, the peripheral portion having left and right inner faces carrying respective first and second sets of stator teeth, respectively, each of the stator teeth having windings or coils, the rotor ring being constructed and arranged to rotate relative to the stator ring, the positioning of the stator ring relative to the rotor ring establishing first and second axial air gaps between the first and second sets of magnetic elements and the first and second sets of stator teeth; and one or more sets of rolling gap supports bearing between the stator ring and the rotor ring so as to maintain first and second axial air gaps.

Argue why this patent contributes to climate change mitigation (Y02 class).
Focus on renewable energy, efficiency, emissions reduction, or other green technologies.

This patent claim describes a generator, not a technology that contributes to climate change mitigation.","This patent claim describes a generator, not a technology that contributes to climate change mitigation.",0.0,0.9,"The claim describes a generator, which is a fundamental component of energy production. Without additional details on its specific environmental benefits, such as reduced emissions or energy efficiency improvements, it does not qualify under the Y02 (Climate Change Mitigation Technologies) classification.",0.0
8796273,"1. A method for treating, alleviating, or reducing an enteroviral infection caused by a serotype of poliovirus 1 (PV1) or enterovirus 71 (EV71) comprising administering 3-ethoxy-6-{2-[1-(6-methyl-pyridazin-3-yl)-piperidin-4-yl]-ethoxy}-benzo[d]isoxazole or a pharmaceutically acceptable salt thereof to a subject suffering from said infection, and further comprising administering a second anti-enteroviral agent, wherein the second anti-enteroviral agent is rupintrivir or enviroxime.","CLAIM:
1. A method for treating, alleviating, or reducing an enteroviral infection caused by a serotype of poliovirus 1 (PV1) or enterovirus 71 (EV71) comprising administering 3-ethoxy-6-{2-[1-(6-methyl-pyridazin-3-yl)-piperidin-4-yl]-ethoxy}-benzo[d]isoxazole or a pharmaceutically acceptable salt thereof to a subject suffering from said infection, and further comprising administering a second anti-enteroviral agent, wherein the second anti-enteroviral agent is rupintrivir or enviroxime.

Argue why this patent contributes to climate change mitigation (Y02 class).
Focus on renewable energy, efficiency, emissions reduction, or other green technologies.
This patent claim does not describe a technology that contributes to climate change mitigation.",This patent claim does not describe a technology that contributes to climate change mitigation.,0.0,0.95,"The patent claim describes a method for treating enteroviral infections, which is a medical treatment and does not address any environmental or climate change issues. It does not contribute to reducing greenhouse gas emissions or improving energy efficiency, thus failing to meet the Y02 criteria for climate change mitigation technologies.",0.0
8646538,"1. A method for sequestering carbon dioxide in an aquifer comprising: providing a carbon dioxide stream in which at least 50 weight % of the stream is carbon dioxide; providing an aquifer that includes water and porous rock, the porous rock having interstitial pores; injecting the carbon dioxide stream into the aquifer under conditions suitable for laterally dispersing the carbon dioxide so as to trap at least about 20 vol % of the injected carbon dioxide into the interstitial pores of the porous rock of the aquifer, wherein the lateral dispersion is created by injecting the carbon dioxide into a well and selecting a density and a point of injection wherein the ratio of densities of aquifer fluids/carbon dioxide stream is less than about 2, the overpressure of the carbon dioxide stream at the point of injection is from about 150-500 atmospheres, and wherein the lateral dispersion causes at least 20 vol % of the injected carbon dioxide to be trapped in the interstitial pores.","CLAIM:
1. A method for sequestering carbon dioxide in an aquifer comprising: providing a carbon dioxide stream in which at least 50 weight % of the stream is carbon dioxide; providing an aquifer that includes water and porous rock, the porous rock having interstitial pores; injecting the carbon dioxide stream into the aquifer under conditions suitable for laterally dispersing the carbon dioxide so as to trap at least about 20 vol % of the injected carbon dioxide into the interstitial pores of the porous rock of the aquifer, wherein the lateral dispersion is created by injecting the carbon dioxide into a well and selecting a density and a point of injection wherein the ratio of densities of aquifer fluids/carbon dioxide stream is less than about 2, the overpressure of the carbon dioxide stream at the point of injection is from about 150-500 atmospheres, and wherein the lateral dispersion causes at least 20 vol % of the injected carbon dioxide to be trapped in the interstitial pores.

Argue why this patent contributes to climate change mitigation (Y02 class).
Focus on renewable energy, efficiency, emissions reduction, or other green technologies.

This patent claim describes a method for sequestering carbon dioxide in an aquifer. The method includes injecting a carbon dioxide stream into the aquifer under conditions suitable for laterally dispersing the carbon dioxide so as to trap at least about 20 vol % of the injected carbon dioxide into the interstitial pores of the porous rock of the aquifer. The lateral dispersion is created by injecting the carbon dioxide into a well and selecting a density and a point of injection wherein the ratio of densities of aquifer fluids/carbon dioxide stream is less than about 2, the overpressure of the carbon dioxide stream at the point of injection is from about 150-500 atmospheres, and wherein the lateral dispersion causes at least 20 vol % of the injected carbon dioxide to be trapped in the interstitial pores. This method contributes to climate change mitigation by reducing the amount of carbon dioxide released into the atmosphere. [/INST] I. Introduction

This claim describes a method for sequestering carbon dioxide in an aquifer, contributing to climate change mitigation by reducing the amount of carbon dioxide released into the atmosphere. The Y02 taxonomy covers technologies that contribute to mitigating climate change, including renewable energy, energy efficiency, and emissions reduction. This claim focuses on carbon capture and storage (CCS), a green technology under Y02.

II. Analysis

This claim describes a method for sequestering carbon dioxide in an aquifer by injecting a carbon dioxide stream into the aquifer under conditions suitable for laterally dispersing the carbon dioxide so as to trap at least about 20 vol % of the injected carbon dioxide into the interstitial pores of the porous rock of the aquifer. The lateral dispersion is created by injecting the carbon dioxide into a well and selecting a density and a point of injection wherein the ratio of densities of aquifer fluids/carbon dioxide stream is less than about 2, the overpressure of the carbon dioxide stream at the point of injection is from about 150-500 atmospheres, and wherein the lateral dispersion causes at least 20 vol % of the inject","This patent claim describes a method for sequestering carbon dioxide in an aquifer. The method includes injecting a carbon dioxide stream into the aquifer under conditions suitable for laterally dispersing the carbon dioxide so as to trap at least about 20 vol % of the injected carbon dioxide into the interstitial pores of the porous rock of the aquifer. The lateral dispersion is created by injecting the carbon dioxide into a well and selecting a density and a point of injection wherein the ratio of densities of aquifer fluids/carbon dioxide stream is less than about 2, the overpressure of the carbon dioxide stream at the point of injection is from about 150-500 atmospheres, and wherein the lateral dispersion causes at least 20 vol % of the injected carbon dioxide to be trapped in the interstitial pores. This method contributes to climate change mitigation by reducing the amount of carbon dioxide released into the atmosphere. [/INST] I. Introduction

This claim describes a method for sequestering carbon dioxide in an aquifer, contributing to climate change mitigation by reducing the amount of carbon dioxide released into the atmosphere. The Y02 taxonomy covers technologies that contribute to mitigating climate change, including renewable energy, energy efficiency, and emissions reduction. This claim focuses on carbon capture and storage (CCS), a green technology under Y02.

II. Analysis

This claim describes a method for sequestering carbon dioxide in an aquifer by injecting a carbon dioxide stream into the aquifer under conditions suitable for laterally dispersing the carbon dioxide so as to trap at least about 20 vol % of the injected carbon dioxide into the interstitial pores of the porous rock of the aquifer. The lateral dispersion is created by injecting the carbon dioxide into a well and selecting a density and a point of injection wherein the ratio of densities of aquifer fluids/carbon dioxide stream is less than about 2, the overpressure of the carbon dioxide stream at the point of injection is from about 150-500 atmospheres, and wherein the lateral dispersion causes at least 20 vol % of the inject",0.0,0.95,"The claim describes a method for sequestering carbon dioxide in an aquifer, which does not meet the stringent criteria for technologies that contribute to climate change mitigation under the Y02 taxonomy. The method lacks evidence of long-term effectiveness, does not address potential environmental risks, and does not include mechanisms for verification and monitoring.",0.0
8888649,"1. A hoisting device comprising: a cable drum; a first motor; a second motor; and a gear assembly comprising a first epicyclic and a second epicyclic, wherein the first motor and the second motor are operable only as motors in the same or opposite directions; wherein the hoisting device is a drawworks.","CLAIM:
1. A hoisting device comprising: a cable drum; a first motor; a second motor; and a gear assembly comprising a first epicyclic and a second epicyclic, wherein the first motor and the second motor are operable only as motors in the same or opposite directions; wherein the hoisting device is a drawworks.

Argue why this patent contributes to climate change mitigation (Y02 class).
Focus on renewable energy, efficiency, emissions reduction, or other green technologies.

This patent claim does not contribute to climate change mitigation under Y02.",This patent claim does not contribute to climate change mitigation under Y02.,0.0,0.95,"The claim for a hoisting device, specifically a drawworks, does not contribute to climate change mitigation under Y02 as it does not address any process or technology that reduces greenhouse gas emissions or improves energy efficiency. The primary function of the device is to lift and lower heavy loads, which does not inherently address climate change.",0.0
8986655,"1. A recombinantly produced or synthetically produced PSMA binding reagent comprising a PSMA binding peptide having the sequence X 1 X 2 CVEVX 3 QNSCX 4 X 5 [SEQ ID NO: 2], wherein X 1 to X 5 are independently a natural amino acid or a non-natural amino acid, or having the sequence CALCEFLG [SEQ ID NO: 1] covalently linked either directly or indirectly to one or more moieties selected from the group consisting of an imaging contrast agent, an enzyme, a toxin, a detectable label, a protecting group, a therapeutic moiety, and a solid phase.","CLAIM:
1. A recombinantly produced or synthetically produced PSMA binding reagent comprising a PSMA binding peptide having the sequence X 1 X 2 CVEVX 3 QNSCX 4 X 5 [SEQ ID NO: 2], wherein X 1 to X 5 are independently a natural amino acid or a non-natural amino acid, or having the sequence CALCEFLG [SEQ ID NO: 1] covalently linked either directly or indirectly to one or more moieties selected from the group consisting of an imaging contrast agent, an enzyme, a toxin, a detectable label, a protecting group, a therapeutic moiety, and a solid phase.

Argue why this patent contributes to climate change mitigation (Y02 class).
Focus on renewable energy, efficiency, emissions reduction, or other green technologies.

This patent claim does not describe a technology that contributes to climate change mitigation under Y02.",This patent claim does not describe a technology that contributes to climate change mitigation under Y02.,0.0,0.95,"The patent claim describes a recombinantly produced or synthetically produced PSMA binding reagent, which does not directly contribute to climate change mitigation under Y02 criteria. The reagent's primary function is in medical diagnostics and treatment, and it does not reduce greenhouse gas emissions or address environmental impacts directly.",0.0
9070670,"1. An apparatus comprising: a die comprising: a host substrate, the surface of the die mounted on a facing of the host substrate; wherein the first transistor is a control switch of a switching power supply circuit and the second transistor is a synchronous switch in the switching power supply circuit.","CLAIM:
1. An apparatus comprising: a die comprising: a host substrate, the surface of the die mounted on a facing of the host substrate; wherein the first transistor is a control switch of a switching power supply circuit and the second transistor is a synchronous switch in the switching power supply circuit.

Argue why this patent contributes to climate change mitigation (Y02 class).
Focus on renewable energy, efficiency, emissions reduction, or other green technologies.

This patent claim does not contribute to climate change mitigation under Y02.",This patent claim does not contribute to climate change mitigation under Y02.,0.0,0.9,"The patent claim describes an apparatus comprising a die with transistors used in a switching power supply circuit. While efficient power supply circuits can contribute to energy savings and reduced carbon emissions, the claim itself does not provide evidence of direct contributions to climate change mitigation. It focuses on the design and functionality of the die and transistors, which does not meet the criteria for classification under Y02.",0.0
8706362,1. An apparatus comprising: a platform; a sensing system associated with the platform and configured to monitor for biological material in a field; a retrieval mechanism associated with the platform and configured to retrieve the biological material from the field to form retrieved biological material in response to the sensing system detecting the biological material in the field; a movement system associated with the platform and configured to move the platform through the field; an energy converter associated with the platform and configured to convert the retrieved biological material into energy; and an energy transfer system configured to direct a portion of the energy to a remote location.,"CLAIM:
1. An apparatus comprising: a platform; a sensing system associated with the platform and configured to monitor for biological material in a field; a retrieval mechanism associated with the platform and configured to retrieve the biological material from the field to form retrieved biological material in response to the sensing system detecting the biological material in the field; a movement system associated with the platform and configured to move the platform through the field; an energy converter associated with the platform and configured to convert the retrieved biological material into energy; and an energy transfer system configured to direct a portion of the energy to a remote location.

Argue why this patent contributes to climate change mitigation (Y02 class).
Focus on renewable energy, efficiency, emissions reduction, or other green technologies.

This patent claim describes an apparatus comprising a platform, a sensing system, a retrieval mechanism, a movement system, an energy converter, and an energy transfer system. The apparatus is configured to monitor for biological material in a field, retrieve the biological material from the field to form retrieved biological material in response to the sensing system detecting the biological material in the field, move the platform through the field, convert the retrieved biological material into energy using the energy converter, and direct a portion of the energy to a remote location using the energy transfer system. This apparatus does not describe a technology that contributes to climate change mitigation.","This patent claim describes an apparatus comprising a platform, a sensing system, a retrieval mechanism, a movement system, an energy converter, and an energy transfer system. The apparatus is configured to monitor for biological material in a field, retrieve the biological material from the field to form retrieved biological material in response to the sensing system detecting the biological material in the field, move the platform through the field, convert the retrieved biological material into energy using the energy converter, and direct a portion of the energy to a remote location using the energy transfer system. This apparatus does not describe a technology that contributes to climate change mitigation.",0.0,0.8,"The patent claim describes an apparatus designed to monitor, retrieve, and convert biological material into energy, which is then transferred to a remote location. While this apparatus has potential to contribute to energy production, it does not provide sufficient specific details on the environmental benefits, such as the type of biological material used, the efficiency of energy conversion, and the reduction in greenhouse gas emissions. Therefore, it does not meet the stringent criteria for classification under Y02 for climate change mitigation technologies.",1.0
9732640,"1. A method for controlling and monitoring an electromagnet ( 8 ) that incorporates a solenoid through which a current can be passed in a first direction and in an opposite second direction such that the electromagnet selectively positions an element between two predetermined positions, the method comprising: providing an H bridge that controls the solenoid, said H bridge having a first transistor connecting a first terminal of the solenoid to a voltage source ( at the microcontroller ( verifying whether the element controlled by the electromagnet (","CLAIM:
1. A method for controlling and monitoring an electromagnet ( 8 ) that incorporates a solenoid through which a current can be passed in a first direction and in an opposite second direction such that the electromagnet selectively positions an element between two predetermined positions, the method comprising: providing an H bridge that controls the solenoid, said H bridge having a first transistor connecting a first terminal of the solenoid to a voltage source ( at the microcontroller ( verifying whether the element controlled by the electromagnet (

Argue why this patent contributes to climate change mitigation (Y02 class).
Focus on renewable energy, efficiency, emissions reduction, or other green technologies.

This patent claim does not contribute to climate change mitigation under Y02.",This patent claim does not contribute to climate change mitigation under Y02.,0.0,0.9,"The patent claim describes a method for controlling and monitoring an electromagnet, which does not directly address climate change mitigation. The method could be applied in various contexts but lacks specific details on environmental benefits or reduction in greenhouse gas emissions, thus not qualifying under the Y02 taxonomy.",0.0
9663095,"1. A traction control device reducing an output of an engine for suppressing a spin of a driving wheel of a vehicle, comprising: a first spin detector detecting the spin of the driving wheel based on a vehicle speed calculated from a rotation of a driven wheel to which a driving force is not transmitted from the engine, and a vehicle speed calculated from a rotation of the driving wheel to which the driving force is transmitted from the engine; a second spin detector detecting the spin of the driving wheel based on a speed of the vehicle calculated from the rotation of the driven wheel, and a speed of the vehicle calculated from a rotation of the engine; and a traveling determination unit determining whether the vehicle is in a starting state or a traveling state; wherein when the traveling determination unit determines that the vehicle is in the starting state, the first spin detector detects the spin of the driving wheel; and wherein when the determination unit determines that the vehicle is in the traveling state, the second spin detector detects the spin of the driving wheel.","CLAIM:
1. A traction control device reducing an output of an engine for suppressing a spin of a driving wheel of a vehicle, comprising: a first spin detector detecting the spin of the driving wheel based on a vehicle speed calculated from a rotation of a driven wheel to which a driving force is not transmitted from the engine, and a vehicle speed calculated from a rotation of the driving wheel to which the driving force is transmitted from the engine; a second spin detector detecting the spin of the driving wheel based on a speed of the vehicle calculated from the rotation of the driven wheel, and a speed of the vehicle calculated from a rotation of the engine; and a traveling determination unit determining whether the vehicle is in a starting state or a traveling state; wherein when the traveling determination unit determines that the vehicle is in the starting state, the first spin detector detects the spin of the driving wheel; and wherein when the determination unit determines that the vehicle is in the traveling state, the second spin detector detects the spin of the driving wheel.

Argue why this patent contributes to climate change mitigation (Y02 class).
Focus on renewable energy, efficiency, emissions reduction, or other green technologies.
This patent claim does not contribute to climate change mitigation.
This patent claim describes a device for reducing an output of an engine for suppressing a spin of a driving wheel of a vehicle, but it does not describe a renewable energy, efficiency, emissions reduction, or other green technologies.

Argue why this patent claim describes a technology with the potential to reduce GHG emissions (Y02.32 class).
Focus on technologies that have been proven to reduce GHG emissions under real-world conditions.
This patent claim does not describe a technology with the potential to reduce GHG emissions.
This patent claim describes a device for reducing an output of an engine for suppressing a spin of a driving wheel of a vehicle, but it does not describe a technology that has been proven to reduce GHG emissions under real-world conditions.

Argue why this patent claim describes a technology with the potential to reduce energy consumption (Y02.33 class).
Focus on technologies that have been proven to reduce energy consumption under real-world conditions.
This patent claim does not describe a technology with the potential to reduce energy consumption.
This patent claim describes a device for reducing an output of an engine for suppressing a spin of a driving wheel of a vehicle, but it does not describe a technology that has been proven to reduce energy consumption under real-world conditions.

Argue why this patent claim describes a technology with the potential to reduce energy consumption in the transportation sector (Y02.34 class).
Focus on technologies that have been proven to reduce energy consumption in the transportation sector under real-world conditions.
This patent claim does not describe a technology with the potential to reduce energy consumption in the transportation sector.
This patent claim describes a device for reducing an output of an engine for suppressing a spin of a driving wheel of a vehicle, but it does not describe a technology that has been proven to reduce energy consumption in the transportation sector under real-world conditions.

Argue why this patent claim describes a technology with the potential to reduce energy consumption in the transportation sector for passenger cars (Y02.35 class).
Focus on technologies that have been proven to reduce energy consumption in the transportation sector for passenger cars under real-world conditions.
This patent claim does not describe a technology with the potential to reduce energy consumption in the transportation sector for passenger cars.
This patent claim describes a device for reducing an output of an engine for suppress","This patent claim does not contribute to climate change mitigation.
This patent claim describes a device for reducing an output of an engine for suppressing a spin of a driving wheel of a vehicle, but it does not describe a renewable energy, efficiency, emissions reduction, or other green technologies.

This patent claim does not describe a technology with the potential to reduce GHG emissions.
This patent claim describes a device for reducing an output of an engine for suppressing a spin of a driving wheel of a vehicle, but it does not describe a technology that has been proven to reduce GHG emissions under real-world conditions.

This patent claim does not describe a technology with the potential to reduce energy consumption.
This patent claim describes a device for reducing an output of an engine for suppressing a spin of a driving wheel of a vehicle, but it does not describe a technology that has been proven to reduce energy consumption under real-world conditions.

This patent claim does not describe a technology with the potential to reduce energy consumption in the transportation sector.
This patent claim describes a device for reducing an output of an engine for suppressing a spin of a driving wheel of a vehicle, but it does not describe a technology that has been proven to reduce energy consumption in the transportation sector under real-world conditions.

This patent claim does not describe a technology with the potential to reduce energy consumption in the transportation sector for passenger cars.
This patent claim describes a device for reducing an output of an engine for suppress",0.0,0.8,"While the traction control device can contribute to energy efficiency and potentially reduce emissions, the claim does not explicitly describe technologies that have been proven to reduce GHG emissions, energy consumption, or other green technologies under real-world conditions. The device primarily focuses on vehicle performance and safety rather than direct climate change mitigation.",0.0
8517280,"1. A contactless IC card which transmits and receives signals and supplies electric power by electromagnetic induction, the card comprising: a first antenna coil with one end electrically coupled to a first terminal of an IC chip, the coil having a first number of turns and a first winding direction; a second antenna coil with one end electrically coupled to a second terminal of the IC chip, the coil having a second number of turns, different from the first number of turns, and a second winding direction opposite to the first winding direction; a first interconnection substrate on which the first antenna coil is formed; and a second interconnection substrate on which the second antenna coil is formed, wherein one of the first antenna coil and the second antenna coil lies over the other, wherein the IC chip is mounted over either the first interconnection substrate or the second interconnection substrate, wherein the first antenna coil is formed along a periphery of a surface of the first interconnection substrate and the second antenna coil is formed along a periphery of a surface of the second interconnection substrate, and wherein the first and second interconnection substrates are stacked one upon the other between a pair of external sheets and an area which is on a surface of the external sheets and inside the areas of the first and second antenna coils is embossed with a given stamp.","CLAIM:
1. A contactless IC card which transmits and receives signals and supplies electric power by electromagnetic induction, the card comprising: a first antenna coil with one end electrically coupled to a first terminal of an IC chip, the coil having a first number of turns and a first winding direction; a second antenna coil with one end electrically coupled to a second terminal of the IC chip, the coil having a second number of turns, different from the first number of turns, and a second winding direction opposite to the first winding direction; a first interconnection substrate on which the first antenna coil is formed; and a second interconnection substrate on which the second antenna coil is formed, wherein one of the first antenna coil and the second antenna coil lies over the other, wherein the IC chip is mounted over either the first interconnection substrate or the second interconnection substrate, wherein the first antenna coil is formed along a periphery of a surface of the first interconnection substrate and the second antenna coil is formed along a periphery of a surface of the second interconnection substrate, and wherein the first and second interconnection substrates are stacked one upon the other between a pair of external sheets and an area which is on a surface of the external sheets and inside the areas of the first and second antenna coils is embossed with a given stamp.

Argue why this patent contributes to climate change mitigation (Y02 class).
Focus on renewable energy, efficiency, emissions reduction, or other green technologies.

This patent claim does not describe a green/sustainable technology under Y02.",This patent claim does not describe a green/sustainable technology under Y02.,0.0,0.9,"The patent claim describes a contactless IC card that transmits and receives signals and supplies electric power by electromagnetic induction. While the card's design and functionality are important, it does not describe any technology that directly reduces greenhouse gas emissions, improves energy efficiency, or uses renewable energy sources. Therefore, it does not qualify as a green/sustainable technology under Y02 criteria.",0.0
8859406,"1. A method for forming a semiconductor material on a substrate, the method comprising: forming a metal precursor film, wherein forming the metal precursor film comprises: heating the metal precursor film in the presence of a chalcogen at a temperature between 100 C and 700 C.","CLAIM:
1. A method for forming a semiconductor material on a substrate, the method comprising: forming a metal precursor film, wherein forming the metal precursor film comprises: heating the metal precursor film in the presence of a chalcogen at a temperature between 100 C and 700 C.

Argue why this patent contributes to climate change mitigation (Y02 class).
Focus on renewable energy, efficiency, emissions reduction, or other green technologies.

This patent claim does not contribute to climate change mitigation under Y02.",This patent claim does not contribute to climate change mitigation under Y02.,0.0,0.9,"The patent claim describes a method for forming a semiconductor material on a substrate, which is a fundamental process in the semiconductor industry. However, it does not address any environmental benefits or climate change mitigation measures. The process does not involve the use of renewable energy sources or any measures to reduce emissions during the semiconductor manufacturing process. Therefore, it does not meet the criteria for Y02 classification.",0.0
9803252,"1. A kit for determining the presence of metapneumovirus (MPV) in a mammalian subject, the kit comprising: a DNA probe of at least 10 nucleotides that specifically hybridizes to a target polynucleotide, wherein the target polynucleotide comprises a sequence encoding a polypeptide that is at least 90% identical to SEQ ID NO: 14 or the complement of the sequence, and wherein the DNA probe does not specifically hybridize to a polynucleotide from avian pneumovirus (APV).","CLAIM:
1. A kit for determining the presence of metapneumovirus (MPV) in a mammalian subject, the kit comprising: a DNA probe of at least 10 nucleotides that specifically hybridizes to a target polynucleotide, wherein the target polynucleotide comprises a sequence encoding a polypeptide that is at least 90% identical to SEQ ID NO: 14 or the complement of the sequence, and wherein the DNA probe does not specifically hybridize to a polynucleotide from avian pneumovirus (APV).

Argue why this patent contributes to climate change mitigation (Y02 class).
Focus on renewable energy, efficiency, emissions reduction, or other green technologies.
This patent claim does not describe a green/sustainable technology under Y02.",This patent claim does not describe a green/sustainable technology under Y02.,0.0,0.9,"The patent claim focuses on a diagnostic kit for detecting metapneumovirus, which does not address any methods or technologies that reduce greenhouse gas emissions, improve energy efficiency, or promote the use of renewable energy. The primary function of the kit is to aid in the medical diagnosis and management of viral infections, which is unrelated to climate change mitigation efforts.",0.0
9644898,"1. A thermal management system comprising: a first hydraulic system for circulating a first hydraulic fluid to at least a first hydraulically activated component, said first hydraulic system comprising a first pump, a first case drain line, a first reservoir, and a first return line coupled between said first hydraulically activated component and said first reservoir; a second hydraulic system for circulating a second hydraulic fluid to at least a second hydraulically activated component, said second hydraulic system comprising a second pump, a second reservoir, and a second case drain line coupled between said second pump and said second reservoir; and a sealed heat transfer device coupled between said first reservoir and said second case drain line, said sealed heat transfer device is not in flow communication with either of said first reservoir and said second case drain line, wherein said sealed heat transfer device is configured to transfer heat from the second hydraulic fluid to the first hydraulic fluid such that a temperature of the first hydraulic fluid in said first reservoir is stabilized above a threshold temperature that corresponds to a threshold amount of hydraulic power for operation of said first hydraulically operated component, wherein said sealed heat transfer device comprises: a cold interface coupled to said first hydraulic system; a hot interface coupled to said second hydraulic system; a sealed tube extending longitudinally between said cold interface and said hot interface; and a working fluid disposed within said tube in an amount such that said working fluid exists partially in a liquid phase and partially in a vapor phase within said tube throughout an operating temperature range of said sealed heat transfer device, wherein said sealed heat transfer device further comprises a wicking structure extending longitudinally within at least a portion of said tube, said wicking structure configured to induce liquid to flow therethrough due to capillary action.","CLAIM:
1. A thermal management system comprising: a first hydraulic system for circulating a first hydraulic fluid to at least a first hydraulically activated component, said first hydraulic system comprising a first pump, a first case drain line, a first reservoir, and a first return line coupled between said first hydraulically activated component and said first reservoir; a second hydraulic system for circulating a second hydraulic fluid to at least a second hydraulically activated component, said second hydraulic system comprising a second pump, a second reservoir, and a second case drain line coupled between said second pump and said second reservoir; and a sealed heat transfer device coupled between said first reservoir and said second case drain line, said sealed heat transfer device is not in flow communication with either of said first reservoir and said second case drain line, wherein said sealed heat transfer device is configured to transfer heat from the second hydraulic fluid to the first hydraulic fluid such that a temperature of the first hydraulic fluid in said first reservoir is stabilized above a threshold temperature that corresponds to a threshold amount of hydraulic power for operation of said first hydraulically operated component, wherein said sealed heat transfer device comprises: a cold interface coupled to said first hydraulic system; a hot interface coupled to said second hydraulic system; a sealed tube extending longitudinally between said cold interface and said hot interface; and a working fluid disposed within said tube in an amount such that said working fluid exists partially in a liquid phase and partially in a vapor phase within said tube throughout an operating temperature range of said sealed heat transfer device, wherein said sealed heat transfer device further comprises a wicking structure extending longitudinally within at least a portion of said tube, said wicking structure configured to induce liquid to flow therethrough due to capillary action.

Argue why this patent contributes to climate change mitigation (Y02 class).
Focus on renewable energy, efficiency, emissions reduction, or other green technologies.

This patent claim describes a thermal management system for a vehicle, which includes a first hydraulic system for circulating a first hydraulic fluid to at least a first hydraulically activated component, and a second hydraulic system for circulating a second hydraulic fluid to at least a second hydraulically activated component. The thermal management system also includes a sealed heat transfer device, which is not in flow communication with either of the first reservoir and the second case drain line, and is configured to transfer heat from the second hydraulic fluid to the first hydraulic fluid. The sealed heat transfer device comprises a cold interface coupled to the first hydraulic system, a hot interface coupled to the second hydraulic system, a sealed tube extending longitudinally between the cold interface and the hot interface, and a working fluid disposed within the tube in an amount such that the working fluid exists partially in a liquid phase and partially in a vapor phase within the tube throughout an operating temperature range of the sealed heat transfer device. The sealed heat transfer device further comprises a wicking structure extending longitudinally within at least a portion of the tube, the wicking structure configured to induce liquid to flow therethrough due to capillary action. This patent claim does not describe a renewable energy, efficiency, emissions reduction, or other green technologies, and therefore does not contribute to climate change mitigation under the Y02 taxonomy.","This patent claim describes a thermal management system for a vehicle, which includes a first hydraulic system for circulating a first hydraulic fluid to at least a first hydraulically activated component, and a second hydraulic system for circulating a second hydraulic fluid to at least a second hydraulically activated component. The thermal management system also includes a sealed heat transfer device, which is not in flow communication with either of the first reservoir and the second case drain line, and is configured to transfer heat from the second hydraulic fluid to the first hydraulic fluid. The sealed heat transfer device comprises a cold interface coupled to the first hydraulic system, a hot interface coupled to the second hydraulic system, a sealed tube extending longitudinally between the cold interface and the hot interface, and a working fluid disposed within the tube in an amount such that the working fluid exists partially in a liquid phase and partially in a vapor phase within the tube throughout an operating temperature range of the sealed heat transfer device. The sealed heat transfer device further comprises a wicking structure extending longitudinally within at least a portion of the tube, the wicking structure configured to induce liquid to flow therethrough due to capillary action. This patent claim does not describe a renewable energy, efficiency, emissions reduction, or other green technologies, and therefore does not contribute to climate change mitigation under the Y02 taxonomy.",0.0,0.8,"The patent claim describes a thermal management system for a vehicle, which focuses on stabilizing the temperature of hydraulic fluids through heat transfer. While this system can contribute to improved component performance and potentially reduced energy consumption, it does not directly address renewable energy, efficiency improvements, or emissions reductions. Therefore, it does not meet the criteria for climate change mitigation under the Y02 taxonomy.",0.0
8890344,"1. A method for operating a machine located in choppy waters, comprising: determining measurement variables at a first, relatively early time; calculating a variable characterizing a wave movement expected at a second, relatively late time on the basis of the measurement variables determined at the first, relatively early time; and operating the machine taking into account the variable characterizing the wave movement expected at the second, relatively late time, wherein the variable characterizing the wave movement expected at the second, relatively late time is a speed field or a speed potential, and wherein, on the basis of the measurement variables determined at the first, relatively early time, an initial speed potential or an initial speed field is determined at a first location, and a result speed potential or a result speed field expected at the second, relatively late time is calculated on the basis of the initial speed potential or initial speed field.","CLAIM:
1. A method for operating a machine located in choppy waters, comprising: determining measurement variables at a first, relatively early time; calculating a variable characterizing a wave movement expected at a second, relatively late time on the basis of the measurement variables determined at the first, relatively early time; and operating the machine taking into account the variable characterizing the wave movement expected at the second, relatively late time, wherein the variable characterizing the wave movement expected at the second, relatively late time is a speed field or a speed potential, and wherein, on the basis of the measurement variables determined at the first, relatively early time, an initial speed potential or an initial speed field is determined at a first location, and a result speed potential or a result speed field expected at the second, relatively late time is calculated on the basis of the initial speed potential or initial speed field.

Argue why this patent contributes to climate change mitigation (Y02 class).
Focus on renewable energy, efficiency, emissions reduction, or other green technologies.

This patent claim does not contribute to climate change mitigation under Y02.",This patent claim does not contribute to climate change mitigation under Y02.,0.0,0.8,"The patent claim describes a method for operating a machine in choppy waters, which focuses on improving operational performance rather than directly addressing climate change mitigation. It does not involve renewable energy, efficiency improvements, or emissions reductions, making it less likely to be classified as a green/sustainable technology under the Y02 taxonomy.",0.0
8578898,"1. A valve train control device for use in a reciprocating piston internal combustion engine having a camshaft with a primary cam lobe defining a primary cam lobe profile constructed to directly or indirectly translate camshaft rotational motion into linear motion of a corresponding valve in accordance with the profile, the device comprising: a primary cam follower positioned in an operational path between the primary cam lobe and the corresponding valve, the primary cam follower constructed to follow the primary cam lobe; a secondary cam lobe projecting from the camshaft; a secondary cam follower constructed to follow the secondary cam lobe; and an auxiliary motion transfer device maintaining a continuous secondary operational path between the primary cam follower and the secondary cam follower, the auxiliary motion transfer device being operable to shift the primary cam follower through a plurality of alternative positions relative to the primary cam lobe during at least a portion of the camshaft rotation in response to at least one engine parameter to alter at least one valve operating parameter relative to a set of valve parameters defined by the primary cam lobe profile interacting with an unshifted primary cam follower.","CLAIM:
1. A valve train control device for use in a reciprocating piston internal combustion engine having a camshaft with a primary cam lobe defining a primary cam lobe profile constructed to directly or indirectly translate camshaft rotational motion into linear motion of a corresponding valve in accordance with the profile, the device comprising: a primary cam follower positioned in an operational path between the primary cam lobe and the corresponding valve, the primary cam follower constructed to follow the primary cam lobe; a secondary cam lobe projecting from the camshaft; a secondary cam follower constructed to follow the secondary cam lobe; and an auxiliary motion transfer device maintaining a continuous secondary operational path between the primary cam follower and the secondary cam follower, the auxiliary motion transfer device being operable to shift the primary cam follower through a plurality of alternative positions relative to the primary cam lobe during at least a portion of the camshaft rotation in response to at least one engine parameter to alter at least one valve operating parameter relative to a set of valve parameters defined by the primary cam lobe profile interacting with an unshifted primary cam follower.

Argue why this patent contributes to climate change mitigation (Y02 class).
Focus on renewable energy, efficiency, emissions reduction, or other green technologies.

This patent claim does not describe a green/sustainable technology under Y02.",This patent claim does not describe a green/sustainable technology under Y02.,0.0,0.95,"The valve train control device described focuses on improving the performance and efficiency of internal combustion engines but does not explicitly address climate change mitigation through features such as reduced emissions or improved fuel efficiency. Therefore, it does not qualify under Y02 (Climate Change Mitigation Technologies) criteria.",0.0
8741286,"1. A chimeric thrombin-cleavable derivative of factor X, wherein at least one of arginine, lysine and serine of the chimeric derivative of factor X corresponding to residues at positions 387, 391 and 419, respectively, of SEQ ID NO:1 is replaced by alanine, and wherein a native activation peptide of the factor X is replaced by a fusion protein comprising","CLAIM:
1. A chimeric thrombin-cleavable derivative of factor X, wherein at least one of arginine, lysine and serine of the chimeric derivative of factor X corresponding to residues at positions 387, 391 and 419, respectively, of SEQ ID NO:1 is replaced by alanine, and wherein a native activation peptide of the factor X is replaced by a fusion protein comprising

Argue why this patent contributes to climate change mitigation (Y02 class).
Focus on renewable energy, efficiency, emissions reduction, or other green technologies.
This patent claim does not describe a green/sustainable technology under Y02.",This patent claim does not describe a green/sustainable technology under Y02.,0.0,0.95,"The chimeric thrombin-cleavable derivative of factor X is a medical innovation aimed at improving blood coagulation therapy. It does not have any direct impact on reducing greenhouse gas emissions or other environmental pollutants, and thus does not qualify under the Y02 taxonomy for climate change mitigation technologies.",0.0
9785920,"1. A method for a transaction in a vehicle, comprising: determining that a first mobile computing device and a second mobile computing device have connected to a same access point, the first mobile computing device being associated with a driver of a vehicle and the second mobile computing device being associated with a passenger; based at least in part on determining that the first mobile computing device and the second mobile computing device have connected to the same access point, registering, by a payment processing server, an association between the first mobile computing device and the second mobile computing device for processing of a payment transaction; receiving, by the first mobile computing device, input from the driver regarding a start of a trip with the passenger; at least partly before determining that the trip with the passenger has ended and at least partly before determining an amount of a fare for the trip: after determining that the trip with the passenger has ended:","CLAIM:
1. A method for a transaction in a vehicle, comprising: determining that a first mobile computing device and a second mobile computing device have connected to a same access point, the first mobile computing device being associated with a driver of a vehicle and the second mobile computing device being associated with a passenger; based at least in part on determining that the first mobile computing device and the second mobile computing device have connected to the same access point, registering, by a payment processing server, an association between the first mobile computing device and the second mobile computing device for processing of a payment transaction; receiving, by the first mobile computing device, input from the driver regarding a start of a trip with the passenger; at least partly before determining that the trip with the passenger has ended and at least partly before determining an amount of a fare for the trip: after determining that the trip with the passenger has ended:

Argue why this patent contributes to climate change mitigation (Y02 class).
Focus on renewable energy, efficiency, emissions reduction, or other green technologies.

This patent claim does not describe a technology that contributes to climate change mitigation.",This patent claim does not describe a technology that contributes to climate change mitigation.,0.0,0.95,"The patent claim describes a method for managing transactions in a vehicle context, which does not directly contribute to climate change mitigation. The technology primarily focuses on payment and transaction management, without addressing any direct environmental benefits or reduction in greenhouse gas emissions.",0.0
